B11,B12,B2,B3,B4,B5,B6,B7,B8,B8A,BSI,EVI,Elevation,GLCM_ASM,GLCM_Contrast,GLCM_Correlation,GLCM_Entropy,GLCM_Homogeneity,MNDWI,NDBI,NDVI,NDWI,SAVI,Slope,LULC_CLASS
0,0.2755,0.2547,0.0469,0.0797,0.0754,0.1423,0.1726,0.1884,0.2214,0.2116,0.13339795,0.276086362,34,0.013064138,31769.96131,0.385474953,4.344802061,0.020136719,-0.5512387,0.10887504,0.49191374,-0.47060776,0.274849381,1
270,0.3179,0.3048,0.0836,0.1154,0.147,0.1836,0.1797,0.1927,0.178,0.2164,0.2798348,0.05408235,31,0.013398762,19073.36409,0.256841917,4.326923264,0.022130848,-0.46734363,0.2821133,0.09538463,-0.21336061,0.056363642,1
296.45557,0.3367,0.3279,0.0921,0.1226,0.1498,0.1898,0.1877,0.2038,0.1838,0.2235,0.27623296,0.061069789,30,0.014306185,20313.94147,0.378227374,4.278100398,0.038568051,-0.46614414,0.293756,0.10191845,-0.1997389,0.061180412,1
296.4556,0.2798,0.2665,0.1028,0.1282,0.1476,0.1649,0.188,0.1913,0.1936,0.2142,0.18098922,0.087907056,24,0.013064138,37808.18651,0.517365723,4.344802061,0.018945873,-0.37156865,0.18208703,0.1348183,-0.20323184,0.082025685,1
134.8629,0.3279,0.3118,0.0982,0.128,0.1622,0.1809,0.1878,0.1964,0.2046,0.2171,0.23622145,0.07354472,26,0.012896825,26426.68155,0.463617163,4.353741459,0.001750112,-0.4384733,0.23154926,0.115594335,-0.23030667,0.073373331,1
142.99837,0.3061,0.2907,0.1076,0.1328,0.1598,0.1762,0.1833,0.1912,0.2018,0.2146,0.20185734,0.077570945,27,0.013064138,14955.26488,0.519948684,4.344802061,0.017613154,-0.3948508,0.20535539,0.116150476,-0.2062164,0.073119796,1
116.45541,0.3096,0.2938,0.0918,0.1096,0.1362,0.1579,0.1614,0.1738,0.1756,0.2037,0.2501402,0.075519457,20,0.013038549,10404.24901,0.3279101,4.345489707,0.016027418,-0.47709924,0.27617475,0.12636308,-0.23141657,0.072801203,1
108.35266,0.2243,0.1714,0.0919,0.1298,0.1526,0.1738,0.1882,0.1986,0.2026,0.1914,0.12272863,0.087476811,22,0.012967687,28373.6627,0.58232666,4.349615583,0.00773852,-0.26687375,0.050831564,0.14076576,-0.21901321,0.087698778,1
71.64729,0.3062,0.271,0.0783,0.1002,0.1458,0.1682,0.1893,0.2123,0.1942,0.2214,0.24775708,0.0816602,28,0.012896825,43436.27976,0.203526182,4.353741459,9.92E-04,-0.50688976,0.22382095,0.14235294,-0.31929347,0.086428572,1
134.86273,0.3022,0.2919,0.0816,0.1122,0.1394,0.161,0.1754,0.1826,0.1944,0.1939,0.23076922,0.09691287,28,0.012967687,38422.89385,0.46381985,4.349615583,0.00946477,-0.4584942,0.21707611,0.16476929,-0.26810175,0.098944577,1
243.5445,0.3054,0.2952,0.0818,0.1148,0.1498,0.171,0.1702,0.1789,0.1768,0.2031,0.2754273,0.046166464,30,0.012896825,24894.9256,0.474920227,4.353741459,0.006256427,-0.45359355,0.26669434,0.08266992,-0.21262002,0.048995878,1
90,0.2912,0.2825,0.0977,0.1332,0.1604,0.1903,0.1875,0.1998,0.1806,0.211,0.2374298,0.035809252,30,0.013662525,12168.12103,0.441790655,4.313170344,0.013626757,-0.37229028,0.23442137,0.059237532,-0.15105161,0.036028536,1
116.45556,0.3029,0.279,0.0736,0.1108,0.1346,0.1473,0.1661,0.1829,0.204,0.2083,0.22360508,0.118868181,29,0.012993276,39273.10516,0.583357903,4.348927937,0.010079566,-0.46434614,0.1951075,0.2049616,-0.29606098,0.12413546,1
134.86293,0.3026,0.2831,0.0897,0.1268,0.1576,0.1668,0.168,0.1827,0.193,0.2054,0.23892851,0.060374531,37,0.013424351,15906.85119,0.306231983,4.326235618,0.010415197,-0.40940848,0.22114608,0.10096978,-0.20700438,0.062426528,1
0,0.3198,0.2987,0.067,0.1054,0.1542,0.1623,0.1663,0.1777,0.1866,0.2086,0.30291367,0.050332438,36,0.013444035,8936.573413,0.665176612,4.323485034,0.025586073,-0.5042333,0.26303315,0.095070414,-0.27808216,0.057802088,1
270,0.3118,0.2868,0.076,0.1009,0.1398,0.1498,0.1657,0.183,0.1822,0.2076,0.27247113,0.073053071,34,0.012993276,14977.66171,0.500000046,4.348927937,0.010799379,-0.51102495,0.26234818,0.13167703,-0.28717765,0.077372268,1
0,0.3138,0.2929,0.0927,0.1324,0.1656,0.2038,0.2034,0.2147,0.2002,0.2343,0.24148647,0.057722471,18,0.013495213,18566.16766,0.587128621,4.322109742,0.028175662,-0.40654415,0.22101167,0.094587214,-0.20384847,0.059944567,1
0,0.2872,0.279,0.1116,0.1278,0.162,0.1739,0.1744,0.1903,0.1868,0.2065,0.20171215,0.046905738,20,0.012967687,16001.92659,0.409082955,4.349615583,0.008701361,-0.38409638,0.21181434,0.07110092,-0.18753973,0.043826583,1
180,0.3128,0.282,0.1042,0.1322,0.149,0.1827,0.197,0.2115,0.206,0.2285,0.19637306,0.10807735,14,0.013134999,10476.41468,0.412483691,4.340676185,0.025709703,-0.40584266,0.20585966,0.16056336,-0.21821406,0.099999993,1
134.86247,0.2771,0.2368,0.0783,0.1004,0.1174,0.1584,0.1875,0.2059,0.205,0.2176,0.16406019,0.165639301,15,0.012967687,31532.1369,0.38058794,4.349615583,0.010486354,-0.46807945,0.14955403,0.27171215,-0.34250164,0.159776266,1
146.18285,0.2878,0.2586,0.0869,0.109,0.1424,0.1765,0.1988,0.2112,0.1982,0.2249,0.20285195,0.09958241,16,0.013662525,26917,0.402109222,4.313170344,0.023489846,-0.45060486,0.18436216,0.16382855,-0.2903646,0.099571745,1
63.544693,0.3132,0.2866,0.0952,0.1266,0.1448,0.1668,0.1834,0.2032,0.2024,0.2296,0.21228163,0.106100778,32,0.012896825,17211.68948,0.336755646,4.353741459,0.010297429,-0.42428377,0.21489526,0.16589859,-0.23039514,0.101982987,1
134.86272,0.3129,0.3023,0.1092,0.134,0.1644,0.18,0.1877,0.2017,0.211,0.2219,0.19699061,0.084518282,30,0.013251134,18258.44048,0.440166528,4.333112079,0.01963924,-0.40031326,0.19450279,0.12413426,-0.22318839,0.079849211,1
116.45544,0.3274,0.3106,0.087,0.1118,0.1356,0.1595,0.1594,0.1742,0.1816,0.2023,0.26571897,0.085648326,28,0.013064138,26780.3879,0.364680919,4.344802061,0.014976676,-0.49089253,0.286444,0.14501892,-0.2379005,0.084434661,1
225.13792,0.2973,0.2351,0.1038,0.154,0.1998,0.2119,0.228,0.2431,0.2238,0.2535,0.20552929,0.036494136,31,0.013134999,11353.6002,0.691033679,4.340676185,0.021492063,-0.31752717,0.14104779,0.056657232,-0.18475385,0.038977919,1
270,0.3255,0.3106,0.1166,0.158,0.2326,0.2435,0.2495,0.2576,0.2432,0.2596,0.21603662,0.015020122,31,0.013327901,12541.00099,0.118063821,4.331049141,0.022288681,-0.34643227,0.14471602,0.02227827,-0.2123629,0.016294323,1
180,0.3165,0.3019,0.1054,0.1596,0.2002,0.2304,0.2309,0.2479,0.2454,0.2493,0.19123921,0.06823258,28,0.01335349,20890.23214,0.364687697,4.330361495,0.010553808,-0.32955262,0.12653498,0.10143624,-0.21185184,0.071700492,1
0,0.3053,0.2886,0.096,0.1418,0.1816,0.2251,0.2329,0.2544,0.2302,0.254,0.19763868,0.075946974,31,0.013424351,8010.598214,0.59600721,4.326235618,0.032232552,-0.36569,0.14024277,0.118018426,-0.23763439,0.079951725,1
45.13795,0.3046,0.2708,0.1072,0.1518,0.1888,0.2184,0.2369,0.247,0.238,0.253,0.17672311,0.078503951,30,0.015644684,9879.306548,0.442947853,4.214836964,0.065139414,-0.334794,0.12274234,0.11527647,-0.22113903,0.079628827,1
45.13801,0.2633,0.2245,0.0738,0.1088,0.1296,0.1664,0.2041,0.2218,0.2132,0.2366,0.1557582,0.145411531,32,0.01310941,27731.74405,0.530009611,4.341363831,0.011795002,-0.41521096,0.105141655,0.24387397,-0.3242236,0.148789747,1
213.81758,0.2814,0.2677,0.1292,0.1642,0.192,0.1932,0.218,0.2283,0.2288,0.2433,0.13880202,0.065165031,32,0.012967687,25424.31349,0.377544284,4.349615583,0.011066378,-0.26301616,0.10309682,0.087452464,-0.1643766,0.059947867,1
243.54533,0.2924,0.2467,0.0916,0.1188,0.1592,0.1925,0.2013,0.2015,0.1888,0.2106,0.23387977,0.05078931,36,0.014286502,32657.12798,0.39973037,4.280850982,0.037431275,-0.42217898,0.21529508,0.0850575,-0.22756828,0.052358507,1
0,0.2957,0.2406,0.1284,0.172,0.1942,0.2088,0.2109,0.2267,0.222,0.2269,0.16601214,0.048799342,34,0.013038549,16314.99702,0.655523175,4.345489707,0.016800324,-0.26448578,0.14236046,0.066794835,-0.12690355,0.045514094,1
0,0.2836,0.2389,0.092,0.1266,0.162,0.2045,0.2303,0.2487,0.2436,0.2554,0.14080901,0.133717874,33,0.013038549,70943.21825,0.570876558,4.345489707,0.004862771,-0.38274014,0.07587255,0.20118342,-0.31604537,0.135159004,1
225.13809,0.3149,0.2862,0.0857,0.125,0.1692,0.2154,0.233,0.2446,0.2252,0.2554,0.21786165,0.087628694,32,0.013251134,26503.09325,0.384694954,4.333112079,0.014592144,-0.43168902,0.16608037,0.14198782,-0.2861222,0.093917701,1
116.45477,0.2529,0.2155,0.1224,0.1708,0.207,0.2169,0.2327,0.2326,0.2332,0.2434,0.12789701,0.042062671,31,0.013180272,20314.87202,0.672011154,4.337237955,0.006659835,-0.19376919,0.04052665,0.059518393,-0.15445544,0.041799611,1
101.25689,0.2818,0.2593,0.0958,0.1412,0.1712,0.2004,0.2056,0.215,0.227,0.2287,0.16782677,0.090838036,39,0.012896825,54114.93452,0.304787853,4.353741459,0.004339533,-0.3323877,0.10770441,0.14013056,-0.2330255,0.093186357,1
225.13817,0.2852,0.2428,0.0824,0.1074,0.1402,0.19,0.1927,0.2072,0.2062,0.2271,0.19159663,0.115433047,34,0.013064138,31597.37798,0.433034327,4.344802061,0.015155125,-0.45287824,0.16076516,0.19053118,-0.31505102,0.116965972,1
37.002724,0.2788,0.2307,0.1098,0.129,0.1626,0.1892,0.189,0.1976,0.177,0.2018,0.21230431,0.027086009,38,0.013520802,19365.44444,0.435197995,4.321422096,0.021380913,-0.36733696,0.22334358,0.04240284,-0.15686278,0.025726546,1
206.67586,0.1586,0.1463,0.0783,0.1064,0.1462,0.1606,0.1481,0.1453,0.1372,0.1438,0.17163177,-0.015765693,32,0.013038549,30180.92063,0.675640386,4.345489707,0.01494214,-0.19698115,0.072346196,-0.031757247,-0.12643678,-0.017232582,1
206.67505,0.2614,0.25515,0.101,0.1198,0.1478,0.17756,0.18103333,0.1851,0.1742,0.19236,0.19579194,0.050632913,27,0.013064138,9245.955357,0.314685662,4.344802061,0.019945514,-0.37145856,0.20018369,0.081987575,-0.185034,0.048175182,1
71.64723,0.2689,0.255,0.099,0.118,0.1422,0.1596,0.1726,0.1815,0.1636,0.1961,0.22042453,0.041983845,30,0.012896825,13034.33829,0.543260569,4.353741459,0.002767716,-0.39002326,0.24346823,0.0699804,-0.16193181,0.039836197,1
18.517395,0.2887,0.2806,0.0806,0.09943333,0.1224,0.1611,0.16931428,0.17691429,0.177,0.1939,0.22954988,0.104445636,36,0.013180272,11916.32837,0.3936602,4.337237955,0.023108255,-0.48763314,0.23985401,0.18236473,-0.2805981,0.102451839,1
134.86292,0.27975,0.2636,0.1162,0.14286667,0.1852,0.189225,0.18495,0.19713333,0.19485,0.2018,0.19832474,0.016817106,42,0.013829837,18524.8373,0.536845011,4.304230946,0.034252969,-0.32389474,0.17888747,0.025391374,-0.15392585,0.016447915,1
258.74265,0.2817,0.2716,0.0952,0.1182,0.1504,0.175,0.1744,0.1836,0.173,0.1916,0.23404254,0.041501388,44,0.013398762,7135.931548,0.314876788,4.326923264,0.022176434,-0.4088522,0.23905872,0.06988248,-0.18818681,0.041170747,1
251.64705,0.2522,0.2443,0.0882,0.1078,0.1356,0.1637,0.1699,0.1702,0.1505,0.178,0.23798883,0.028596651,37,0.013038549,23292.09226,0.521466272,4.345489707,0.00523001,-0.40111113,0.25254533,0.05207969,-0.16531165,0.028431495,1
0,0.2814,0.2649,0.0924,0.1086,0.1406,0.1585,0.161,0.1689,0.1636,0.1851,0.24483775,0.043752858,29,0.013089727,11681.51786,0.334289009,4.344114415,0.006420502,-0.4430769,0.2647191,0.075608164,-0.20205732,0.04289978,1
180,0.2755,0.26083332,0.08974444,0.1096,0.1418,0.16633333,0.166,0.177375,0.16245,0.189075,0.2466123,0.038521326,29,0.012896825,10067.32242,0.182891971,4.353741459,0.00829547,-0.4307972,0.25813448,0.06787182,-0.19426577,0.038514142,1
90,0.2663,0.2513,0.07865,0.0991,0.1224,0.15475,0.16705,0.18095,0.1691,0.1966,0.2214628,0.088876201,40,0.012896825,23853.49901,0.445050148,4.353741459,0.00196195,-0.45758072,0.22324298,0.16020583,-0.26099926,0.088502844,1
108.35289,0.2444,0.244,0.0926,0.1148,0.1524,0.1622,0.1619,0.1687,0.1688,0.1712,0.20571254,0.029524006,51,0.01310941,12141.11905,0.408858237,4.341363831,0.011299284,-0.3608018,0.18296224,0.051058512,-0.19040902,0.029956152,1
243.54437,0.2598,0.2566,0.0932,0.116,0.139,0.1511,0.1554,0.165,0.1604,0.1761,0.22256282,0.041299993,45,0.013276723,9034.779762,0.386227064,4.332424433,0.025201006,-0.38265035,0.23655398,0.0714763,-0.16063678,0.040155125,1
134.86305,0.2398,0.2309,0.0841,0.1026,0.1358,0.1422,0.1505,0.1615,0.1526,0.1701,0.22684959,0.03142184,41,0.012896825,14284.99306,0.4898017,4.353741459,0.008417111,-0.40070096,0.22222222,0.05825243,-0.19592477,0.031963472,1
90,0.2833,0.2674,0.0928,0.115,0.1604,0.1664,0.171,0.1848,0.1962,0.202,0.2111369,0.061192388,45,0.013038549,12830.24702,0.297298546,4.345489707,0.004361121,-0.42254582,0.18164757,0.10039258,-0.26092544,0.062689695,1
63.544315,0.2796,0.2676,0.0919,0.1056,0.132,0.1556,0.1602,0.1697,0.165,0.1926,0.2314136,0.065075936,58,0.012967687,18559.66865,0.346638531,4.349615583,0.013364333,-0.45171338,0.25775975,0.111111134,-0.21951221,0.062107918,1
111.70718,0.2923,0.2686,0.0918,0.1144,0.14596,0.1715,0.1678,0.17745,0.1684,0.1935,0.25493225,0.041382059,42,0.013089727,5660.41369,0.327742416,4.344114415,0.028060899,-0.43742314,0.26893854,0.07138313,-0.19094768,0.041333074,1
198.5172,0.2672,0.2518,0.0868,0.1096,0.1376,0.153,0.1641,0.1725,0.1628,0.1865,0.23716381,0.047106315,36,0.013424351,10191.05456,0.301336165,4.326235618,0.017368852,-0.41825902,0.24279068,0.08388813,-0.19530103,0.047226376,1
251.64696,0.2533,0.2382,0.091,0.117,0.1548,0.1682,0.1665,0.1759,0.1757,0.1803,0.20954359,0.036744016,36,0.012967687,19609.36409,0.644781996,4.349615583,0.009758673,-0.36807996,0.18088582,0.06323751,-0.20054662,0.037748338,1
71.646935,0.2418,0.2335,0.0878,0.1106,0.1438,0.1569,0.1612,0.1673,0.1676,0.1768,0.20312011,0.043370509,35,0.013038549,5630.350198,0.703609529,4.345489707,0.006179032,-0.37230417,0.18124081,0.07642903,-0.20488858,0.043998029,1
153.32454,0.269,0.2612,0.0941,0.1242,0.15,0.1658,0.1693,0.1761,0.1738,0.1856,0.21997379,0.043492562,25,0.013418446,11186.36905,0.349766727,4.32417268,0.026941702,-0.3682604,0.21499546,0.07350216,-0.16644296,0.043335761,1
153.32454,0.2867,0.2874,0.0939,0.1178,0.1432,0.1708,0.1737,0.186,0.1814,0.1959,0.21922858,0.071463328,32,0.013038549,10857,0.424292024,4.345489707,0.009639547,-0.41755256,0.22495195,0.11768332,-0.21256685,0.069488248,1
333.32462,0.2759,0.2621,0.0789,0.1009,0.1302,0.1624,0.1638,0.1742,0.1588,0.1846,0.2615719,0.053031722,36,0.013276723,9609.364087,0.279834548,4.332424433,0.018014668,-0.46443737,0.26938117,0.098961964,-0.22294956,0.054372637,1
180,0.2831,0.2688,0.0954,0.1162,0.151,0.1698,0.173,0.1796,0.1802,0.1923,0.22333382,0.053257466,37,0.01323145,8914.94246,0.41757386,4.335862663,0.017349383,-0.41798148,0.22210233,0.08816426,-0.21592441,0.052694904,1
270,0.2895,0.279,0.0809,0.105,0.1324,0.186,0.194,0.2049,0.1875,0.2163,0.2223671,0.100170876,38,0.013064138,19134.98611,0.373781618,4.344802061,0.020018656,-0.4676806,0.21383648,0.1722413,-0.2820513,0.100804964,1
283.9716,0.2762,0.2728,0.0941,0.113,0.1516,0.1773,0.1827,0.1874,0.1688,0.1934,0.23874332,0.031326254,42,0.012967687,12628.27679,0.619677662,4.349615583,0.01496022,-0.4193217,0.24134831,0.053682875,-0.19801277,0.031448062,1
21.896526,0.2461,0.2499,0.1012,0.118,0.1484,0.1707,0.1729,0.181,0.1586,0.191,0.20586886,0.019767459,32,0.013205861,21927.20933,0.583912136,4.336550309,0.021080466,-0.3518264,0.21620952,0.033224784,-0.14678237,0.018959124,1
45.137638,0.2547,0.2601,0.0848,0.1064,0.1428,0.1672,0.1722,0.1792,0.167,0.1827,0.22439553,0.043594163,36,0.012967687,8062.909722,0.578419935,4.349615583,0.014563684,-0.41068956,0.20796777,0.07811489,-0.22165325,0.044825869,1
167.41289,0.27096668,0.26215,0.08996,0.11405,0.144,0.1741,0.18372,0.19,0.177,0.2011,0.21704191,0.060382069,36,0.012967687,30332.75496,0.457521891,4.349615583,0.01017235,-0.40755814,0.20976265,0.10280376,-0.21628585,0.06029234,1
270,0.23615,0.2221,0.083925,0.106476925,0.1312,0.1503,0.1741,0.1815,0.1862,0.1908,0.1525158,0.102309389,28,0.012896825,13699.97123,0.230447439,4.353741459,0.009331939,-0.37846726,0.11826685,0.1732829,-0.27239275,0.100929764,1
108.35274,0.2712,0.2628,0.088,0.1202,0.1514,0.1732,0.1727,0.1822,0.1736,0.1909,0.23531131,0.039029541,34,0.013636936,5061.987103,0.322496744,4.31385799,0.02066301,-0.38579458,0.21942446,0.068307705,-0.1817563,0.040363642,1
18.51746,0.2687,0.2524,0.1094,0.1298,0.1592,0.1769,0.1805,0.1899,0.1796,0.1949,0.19375087,0.038803931,33,0.013900699,10885.50595,0.606763822,4.30010507,0.040062241,-0.34855708,0.19875084,0.060212523,-0.16095667,0.036480691,1
270,0.327,0.3007,0.0866,0.1174,0.1502,0.1899,0.1943,0.2091,0.2066,0.2202,0.23883696,0.096687928,30,0.01310941,27414.09821,0.519983781,4.341363831,0.013467709,-0.47164717,0.22563718,0.15807176,-0.27530864,0.098739499,1
326.18607,0.3237,0.2975,0.0888,0.1174,0.157,0.1928,0.1988,0.2064,0.2024,0.2197,0.24549814,0.076772173,30,0.012896825,11843.96329,0.257747477,4.353741459,0.006481684,-0.46769443,0.23056455,0.12632163,-0.26579112,0.07924132,1
270,0.3134,0.291,0.1056,0.1252,0.1554,0.1804,0.1941,0.2121,0.2128,0.2235,0.1910569,0.106044939,31,0.01323145,12626.44643,0.49896824,4.335862663,0.017458994,-0.42909256,0.19118206,0.15589355,-0.25917158,0.099170705,1
243.54202,0.2899,0.272,0.093,0.1104,0.1416,0.1764,0.1934,0.2061,0.201,0.2196,0.18952446,0.109748001,26,0.013302312,14387.03175,0.36464642,4.331736787,0.014467449,-0.4484137,0.18109594,0.17338005,-0.29094413,0.105744138,1
281.2585,0.3118,0.3052,0.0969,0.1218,0.1606,0.1822,0.1868,0.1999,0.1996,0.2238,0.22876838,0.067875646,24,0.014737261,12005.74702,0.42236019,4.273286875,0.052637537,-0.4381919,0.21939774,0.10827315,-0.24206597,0.068007422,1
314.86597,0.3093,0.3067,0.0918,0.1162,0.1558,0.1886,0.1972,0.2086,0.1902,0.2191,0.245081,0.059867735,21,0.013089727,19381.72321,0.440256353,4.344114415,0.00394449,-0.45381904,0.23843844,0.09942197,-0.24151437,0.06099291,1
270,0.2761,0.2723,0.061,0.1004,0.1224,0.1612,0.1855,0.2055,0.2048,0.215,0.19975917,0.139029484,21,0.01310941,36235.88988,0.509427492,4.341363831,0.006634702,-0.46666667,0.14826371,0.25183374,-0.34207076,0.149419719,1
225.13408,0.2822,0.2711,0.072,0.1046,0.1538,0.1721,0.1708,0.1863,0.1928,0.1936,0.24429224,0.061881195,23,0.01310941,14711.80952,0.488786902,4.341363831,0.008391796,-0.45915204,0.18821055,0.112521656,-0.2965703,0.069099937,1
225.13411,0.3156,0.3156,0.114,0.1444,0.1826,0.197,0.2047,0.2181,0.2182,0.2359,0.19990368,0.061009033,29,0.013038549,15981.11508,0.542663614,4.345489707,0.006279047,-0.37217394,0.18246536,0.088822335,-0.20353006,0.059280625,1
296.45795,0.2973,0.296,0.1016,0.125,0.1426,0.1596,0.1688,0.1902,0.1978,0.2061,0.19004466,0.106860762,26,0.012896825,8766.882937,0.498275578,4.353741459,0.00633981,-0.4080038,0.20096953,0.16216215,-0.22552663,0.098524505,1
161.48448,0.3075,0.2916,0.093,0.1152,0.147,0.169,0.1832,0.1961,0.1976,0.2115,0.21997046,0.0915274,31,0.012967687,18591.96627,0.521518775,4.349615583,0.012440812,-0.4549326,0.21758066,0.14683694,-0.26342714,0.089865037,1
90,0.3073,0.2857,0.0888,0.0988,0.1452,0.1838,0.1875,0.2068,0.186,0.2151,0.24432833,0.073318007,27,0.013180272,16218.97619,0.263944609,4.337237955,0.028405706,-0.51342034,0.24589498,0.12318842,-0.30617976,0.073628498,1
123.566345,0.3002,0.2904,0.1072,0.1252,0.1562,0.1862,0.1901,0.2013,0.1866,0.2119,0.2167422,0.057584467,27,0.01353458,12632.5377,0.50575727,4.316608574,0.012369376,-0.4113775,0.23336071,0.08868142,-0.1969211,0.05410535,1
165.90051,0.2929,0.2687,0.0822,0.1086,0.1332,0.1582,0.1805,0.2001,0.1926,0.2202,0.21586533,0.107976424,23,0.012896825,19912.30853,0.520903937,4.353741459,0.006795033,-0.45902863,0.20659114,0.18232042,-0.27888447,0.10789536,1
18.51555,0.2762,0.2623,0.0802,0.1058,0.135,0.1539,0.1679,0.1803,0.1764,0.19,0.23150642,0.074734637,23,0.013900699,11363.81052,0.520469146,4.30010507,0.019897529,-0.4460733,0.22050373,0.13294797,-0.25017717,0.076534385,1
134.86597,0.2795,0.2654,0.0792,0.1064,0.1384,0.1755,0.1858,0.2001,0.186,0.2112,0.22353975,0.083661418,23,0.012967687,15212.25595,0.500491222,4.349615583,0.010241069,-0.44856182,0.2008593,0.14673243,-0.27222985,0.086608444,1
296.4576,0.3358,0.3,0.1104,0.1428,0.186,0.2127,0.2248,0.2411,0.2248,0.2524,0.21773627,0.064119514,30,0.012993276,39823.35714,0.343876267,4.348927937,0.009701553,-0.4032595,0.19800211,0.094449855,-0.22306855,0.063899869,1
281.25833,0.3428,0.3033,0.1084,0.1498,0.1736,0.2097,0.2201,0.238,0.2188,0.2473,0.22427692,0.078071007,28,0.01310941,29543.61607,0.250157931,4.341363831,0.011402725,-0.39179862,0.22079772,0.11518856,-0.18719476,0.075974883,1
0,0.3357,0.297,0.1058,0.147,0.1814,0.1941,0.2223,0.242,0.2494,0.2536,0.18560128,0.110082245,31,0.013064138,21104.68353,0.50410521,4.344802061,0.016843818,-0.39092603,0.14749615,0.15784587,-0.25832492,0.10958316,1
90,0.3101,0.2949,0.0908,0.1128,0.1328,0.1722,0.1935,0.209,0.1924,0.2229,0.21994215,0.113896952,30,0.012896825,31926.95139,0.468313839,4.353741459,0.003447503,-0.46654055,0.23422885,0.18327183,-0.26081255,0.108337366,1
90,0.3268,0.3006,0.0972,0.1214,0.1504,0.181,0.1986,0.216,0.217,0.2336,0.20596412,0.119749704,32,0.013038549,16220.3125,0.313118195,4.345489707,0.017011792,-0.45827755,0.20191246,0.1812738,-0.2825059,0.11517177,1
0,0.3169,0.2846,0.106,0.1288,0.169,0.1852,0.1991,0.2114,0.2076,0.2238,0.21550971,0.067643344,30,0.012896825,46204.90972,0.504205922,4.353741459,0.002251911,-0.42203277,0.20838897,0.10249601,-0.23424493,0.066050647,1
314.86554,0.2621,0.2601,0.1192,0.1476,0.1754,0.1787,0.1771,0.1639,0.2178,0.1973,0.12976114,0.077023691,33,0.012967687,49328.34821,0.66094512,4.349615583,0.010679767,-0.27947283,0.092310905,0.10783317,-0.19211826,0.071204661,1
0,0.334,0.2987,0.1004,0.123,0.1756,0.2031,0.2245,0.2364,0.2274,0.2449,0.21710055,0.084751303,34,0.013038549,24548.27282,0.480553682,4.345489707,0.018285155,-0.46170676,0.18988241,0.12853597,-0.2979452,0.086046507,1
134.86546,0.3168,0.3144,0.0974,0.1378,0.1794,0.1987,0.2097,0.2239,0.2246,0.2374,0.21290638,0.071951617,22,0.012896825,19788.00298,0.507288513,4.353741459,0.004708948,-0.39375275,0.17029922,0.111881204,-0.23951438,0.075000009,1
180,0.2764,0.2594,0.102,0.1272,0.1584,0.176,0.19,0.2009,0.2122,0.2032,0.16101469,0.096236408,18,0.012896825,23822.70437,0.490869397,4.353741459,0.00209579,-0.36967292,0.13139582,0.14517,-0.25044194,0.092694696,1
71.6456,0.252,0.2491,0.0857,0.1108,0.1516,0.1728,0.1802,0.1882,0.1764,0.1876,0.21255821,0.042958604,24,0.012993276,10552.00099,0.407053308,4.348927937,0.016303024,-0.38919517,0.17647058,0.07560976,-0.22841229,0.04492754,1
123.56605,0.2931,0.2691,0.0926,0.113,0.1268,0.1524,0.1604,0.1698,0.1748,0.1878,0.22188273,0.096688409,29,0.01323145,16982.90575,0.278760111,4.335862663,0.014475102,-0.44348684,0.25283182,0.15915117,-0.21473244,0.089820347,1
63.54236,0.2719,0.2573,0.086,0.1198,0.1482,0.1719,0.1847,0.1957,0.1864,0.1994,0.21328521,0.066755192,31,0.012896825,24250.63095,0.355266921,4.353741459,0.002899156,-0.38830736,0.18655902,0.11416614,-0.21750489,0.068655627,1
146.1857,0.2603,0.2507,0.091,0.1116,0.1482,0.1751,0.1815,0.1917,0.1892,0.2042,0.18629304,0.073429315,20,0.013302312,17475.74603,0.288917261,4.331736787,0.007033156,-0.3998387,0.15817577,0.121517465,-0.25797874,0.073441593,1
333.32724,0.3022,0.2825,0.0922,0.119,0.1718,0.1827,0.1995,0.2198,0.216,0.2334,0.21196623,0.071047392,21,0.013186177,14615.33036,0.361224206,4.339300893,0.011222958,-0.43494776,0.16634502,0.113976285,-0.28955224,0.074678986,1
296.45767,0.3031,0.2964,0.105,0.1272,0.1608,0.1827,0.1999,0.2144,0.2056,0.2313,0.19793415,0.080989223,24,0.013398762,14076.47222,0.479572881,4.326923264,0.031436046,-0.40878454,0.19166502,0.12227074,-0.23557688,0.077562325,1
326.1858,0.3329,0.2954,0.1022,0.1198,0.144,0.1892,0.205,0.2198,0.2066,0.2291,0.21394934,0.120006143,22,0.013064138,18463.27083,0.538679932,4.344802061,0.018185994,-0.47073114,0.23410565,0.17855106,-0.26593137,0.110392668,1
153.32715,0.2926,0.2751,0.1,0.1282,0.1556,0.1761,0.1783,0.1864,0.1844,0.193,0.22358721,0.052631599,19,0.012967687,13050.07937,0.152503265,4.349615583,0.012039047,-0.39068443,0.22683437,0.08470591,-0.17978251,0.05142859,1
351.83215,0.2529,0.2406,0.0912,0.112,0.1494,0.1724,0.1819,0.1884,0.1736,0.1952,0.20611602,0.043650808,24,0.013134999,10180.12798,0.4030741,4.340676185,0.022886263,-0.3861332,0.18593201,0.07492262,-0.21568626,0.044106939,1
45.134438,0.2641,0.2498,0.0894,0.114,0.1458,0.1771,0.19,0.2007,0.1748,0.2008,0.21614003,0.052570517,25,0.013038549,18955.68651,0.531733491,4.345489707,0.006539967,-0.3969849,0.2034632,0.0904554,-0.2105263,0.053009992,1
103.973114,0.2738,0.2574,0.1056,0.1292,0.1544,0.1659,0.1787,0.1943,0.1858,0.1958,0.1901056,0.059460677,31,0.013707798,35743.59028,0.444581868,4.309732114,0.02864074,-0.35880893,0.19147082,0.092298634,-0.17968255,0.056058072,1
180,0.3303,0.2987,0.106,0.1458,0.1786,0.1995,0.2066,0.2174,0.2178,0.2247,0.22228894,0.065578171,32,0.013089727,15136.16567,0.568351265,4.344114415,0.003732588,-0.38752365,0.20525451,0.09889003,-0.19801983,0.065595729,1
336.70386,0.2709,0.2572,0.0952,0.1176,0.1454,0.168,0.1766,0.1819,0.1732,0.1864,0.21600702,0.052192839,26,0.012896825,16423.23016,0.527545345,4.353741459,0.00622985,-0.3945946,0.21999553,0.08725673,-0.19119668,0.050940619,1
314.8653,0.348,0.3279,0.1248,0.1716,0.218,0.2295,0.2544,0.2717,0.2812,0.2885,0.16460906,0.09557222,17,0.012896825,37885.58135,0.479293429,4.353741459,0.002295113,-0.3394919,0.106166564,0.12660256,-0.24204946,0.094875897,1
36.999287,0.3434,0.3078,0.1232,0.1754,0.22,0.2275,0.2485,0.2587,0.2684,0.2774,0.17989527,0.072698892,21,0.013469624,30811.53472,0.497624594,4.322797388,0.024565914,-0.3238242,0.12258906,0.09909913,-0.20955387,0.073452065,1
0,0.3595,0.3476,0.125,0.1562,0.2044,0.2264,0.238,0.2541,0.247,0.2685,0.20504327,0.069340437,24,0.013276723,51625.7996,0.3428336,4.332424433,0.011741622,-0.39422143,0.18549052,0.09437304,-0.22519839,0.067164165,1
194.09975,0.3516,0.3211,0.1118,0.1448,0.1916,0.2395,0.2554,0.2675,0.2596,0.2892,0.18784165,0.108232029,26,0.012896825,29446.60317,0.492245164,4.353741459,0.002320779,-0.41659948,0.15052353,0.15070926,-0.28387734,0.107232997,1
134.86534,0.3514,0.345,0.11,0.1578,0.2054,0.2221,0.229,0.2439,0.2544,0.2673,0.20885798,0.073715261,25,0.013180272,39808.70734,0.609585023,4.337237955,0.020458313,-0.38020423,0.1601188,0.10656809,-0.23435228,0.076578468,1
116.457535,0.317,0.299,0.1034,0.1526,0.1826,0.1874,0.2158,0.2348,0.2414,0.2475,0.18332544,0.094140242,19,0.012967687,42656.58929,0.532513567,4.349615583,0.010771329,-0.35008517,0.13538681,0.13867924,-0.2253807,0.09545454,1
45.13457,0.3319,0.3124,0.0797,0.1328,0.1808,0.2071,0.2225,0.2388,0.2414,0.2522,0.22979131,0.08765078,22,0.012896825,32730.28671,0.576311243,4.353741459,0.004020792,-0.42844847,0.15785801,0.14353386,-0.29021916,0.098568635,1
45.134544,0.3344,0.3128,0.086,0.1406,0.1842,0.2104,0.2355,0.2619,0.2658,0.2656,0.19163603,0.118192346,27,0.012993276,38232.80159,0.511672673,4.348927937,0.008008606,-0.40800002,0.11429524,0.18133332,-0.30807087,0.128842098,1
63.54241,0.3389,0.3126,0.0758,0.1224,0.1678,0.2081,0.2298,0.2472,0.252,0.2595,0.21437985,0.124534124,26,0.012896825,47939.91071,0.569954847,4.353741459,0.00258421,-0.4693258,0.14706379,0.20057173,-0.34615386,0.137312475,1
90,0.3419,0.323,0.0899,0.1322,0.1974,0.2108,0.219,0.23,0.2422,0.2522,0.23777828,0.06391417,26,0.012993276,51131.92063,0.632290489,4.348927937,0.010077386,-0.44231173,0.17068994,0.10191082,-0.29380342,0.071519793,1
116.457634,0.3092,0.2987,0.1008,0.133,0.1616,0.1914,0.205,0.2174,0.2266,0.241,0.1796542,0.112831575,28,0.013398762,16984.00893,0.599994503,4.326923264,0.020752473,-0.3984622,0.15416197,0.16743949,-0.26028922,0.109772595,1
314.8654,0.32,0.3106,0.1192,0.1606,0.2,0.2092,0.2369,0.2536,0.2612,0.2633,0.15504219,0.09762635,26,0.013186177,38845.52579,0.446732047,4.339300893,0.011232552,-0.3316687,0.10116996,0.13269733,-0.23850165,0.095505629,1
180,0.3227,0.3088,0.1046,0.1348,0.1714,0.2077,0.2158,0.23,0.2212,0.2473,0.20526892,0.084977149,29,0.012896825,20215.89583,0.51473354,4.353741459,0.008799024,-0.41071036,0.18661517,0.12684669,-0.24269663,0.083688117,1
225.13455,0.3212,0.3276,0.1108,0.1364,0.1836,0.2176,0.2197,0.231,0.2142,0.2371,0.21667872,0.05152211,28,0.013038549,34825.49206,0.589016621,4.345489707,0.006940376,-0.40384617,0.19985059,0.0769231,-0.22190532,0.051124991,1
333.32715,0.3086,0.3098,0.1148,0.1478,0.184,0.2156,0.2333,0.2479,0.2314,0.2579,0.17453507,0.080371672,30,0.013038549,27296.90179,0.502376282,4.345489707,0.004811077,-0.35232255,0.14296298,0.11410688,-0.22046414,0.07767096,1
21.894356,0.2577,0.2227,0.1013,0.1268,0.1522,0.1648,0.2017,0.2158,0.21,0.2314,0.13671659,0.105981143,30,0.013038549,37875.7371,0.423664971,4.345489707,0.013792181,-0.34044212,0.101988465,0.15958034,-0.24703087,0.100556708,1
33.81436,0.3125,0.2962,0.1026,0.1344,0.1744,0.2001,0.2142,0.22,0.2216,0.2396,0.2005918,0.078745403,31,0.012896825,37019.41964,0.545527886,4.353741459,0.003880491,-0.39852318,0.17019285,0.11919191,-0.24494383,0.079017848,1
26.672827,0.3127,0.278,0.1124,0.1328,0.1758,0.1825,0.2002,0.2136,0.2334,0.2344,0.17104158,0.099640202,30,0.013038549,46299.21131,0.425540532,4.345489707,0.003576434,-0.40381595,0.1452115,0.14076248,-0.27471328,0.095028607,1
18.515812,0.3213,0.3059,0.1176,0.1406,0.1802,0.2078,0.2205,0.2329,0.231,0.2447,0.17986117,0.08879879,31,0.012993276,30591.72222,0.612354378,4.348927937,0.008880806,-0.39121023,0.16349809,0.12354088,-0.24327236,0.083626005,1
180,0.3,0.2853,0.1126,0.1456,0.1832,0.1987,0.2095,0.228,0.2328,0.2428,0.16630462,0.083361352,34,0.012896825,38443.78472,0.491462789,4.353741459,0.0054775,-0.34649912,0.12612613,0.11923078,-0.23044397,0.081222715,1
76.02702,0.2725,0.2452,0.1118,0.1432,0.1848,0.1996,0.1904,0.1933,0.2154,0.2115,0.16583812,0.051490874,12,0.013951877,27682.62798,0.476489879,4.298729778,0.026574796,-0.31104165,0.11703221,0.07646176,-0.20133854,0.050988664,1
45.134678,0.2725,0.2487,0.0886,0.1126,0.18,0.1944,0.2002,0.2074,0.2104,0.2106,0.20425816,0.046743331,16,0.013257039,20256.70238,0.539222502,4.335175017,0.018981235,-0.41521683,0.12859806,0.077868834,-0.30278638,0.051212926,1
153.32709,0.2789,0.2333,0.083,0.119,0.1604,0.1971,0.2015,0.215,0.206,0.2208,0.20637101,0.073743444,11,0.013392857,20465.66369,0.365823558,4.324860326,0.020767052,-0.40185976,0.15034027,0.12445414,-0.2676923,0.078947363,1
0,0.2679,0.2374,0.107,0.1412,0.1758,0.1955,0.2088,0.2163,0.2184,0.2169,0.15381613,0.072414508,15,0.01323145,19333.80754,0.348546752,4.335862663,0.017107895,-0.30970418,0.101789,0.10806698,-0.21468297,0.071460533,1
0,0.2954,0.2763,0.1102,0.15,0.1926,0.209,0.2318,0.238,0.2474,0.25,0.15421002,0.086901372,13,0.01310941,34651.76389,0.317303222,4.341363831,0.01029936,-0.3264481,0.08843035,0.12454546,-0.24509309,0.087446815,1
314.8653,0.3394,0.2849,0.0772,0.1086,0.1516,0.1879,0.2235,0.2345,0.2166,0.2452,0.2512742,0.105028435,8,0.013180272,47927.38095,0.498012631,4.337237955,0.001458736,-0.51517856,0.2208633,0.17653449,-0.33210334,0.112301308,1
180,0.301,0.2729,0.083,0.1112,0.1436,0.176,0.1983,0.2168,0.2248,0.2289,0.18181817,0.138670677,9,0.012896825,25378.07937,0.589393987,4.353741459,0.005823402,-0.4604561,0.144922,0.2204126,-0.33809525,0.140257951,1
71.64565,0.2669,0.2626,0.0942,0.112,0.1432,0.1654,0.1653,0.184,0.179,0.1969,0.20035122,0.067207349,8,0.012896825,63951.45833,0.514761916,4.353741459,7.22E-04,-0.408815,0.1971294,0.11111114,-0.23024055,0.065312594,1
161.48296,0.2202,0.178,0.0747,0.1014,0.1266,0.1694,0.196,0.2014,0.2204,0.1988,0.08054213,0.165169938,55,0.012967687,26366.12897,0.664731467,4.349615583,0.008352004,-0.36940297,-4.54E-04,0.27031702,-0.3697949,0.166115717,1
108.353195,0.3352,0.2873,0.082,0.1204,0.1742,0.2083,0.2241,0.2354,0.234,0.2411,0.23431064,0.089832953,51,0.012993276,41379.23909,0.333689333,4.348927937,0.017714069,-0.4714662,0.17779341,0.14649682,-0.32054177,0.09876679,1
134.863,0.2634,0.2161,0.0474,0.0798,0.0904,0.1431,0.2039,0.2295,0.2186,0.2377,0.14165857,0.22803273,51,0.013662525,17612.62004,0.326594278,4.313170344,0.033131087,-0.53496504,0.09294602,0.4148867,-0.46514747,0.237700867,1
153.32521,0.2716,0.2567,0.0706,0.1034,0.1262,0.1458,0.1746,0.2008,0.2032,0.2165,0.18463373,0.1345307,53,0.013302312,20738.4375,0.5055504,4.331736787,0.023220032,-0.44853336,0.14406067,0.23375832,-0.32550555,0.13925728,1
206.67476,0.3586,0.3552,0.101,0.1384,0.2164,0.222,0.2316,0.2503,0.2658,0.2654,0.22106603,0.068356676,52,0.012993276,46698.62202,0.508668417,4.348927937,0.012205678,-0.44305834,0.14862266,0.10244712,-0.3151905,0.075442886,1
314.8631,0.3114,0.2958,0.078,0.0996,0.16,0.1954,0.2148,0.2202,0.1822,0.2223,0.28868234,0.0356409,51,0.013186177,29672.77083,0.493163323,4.339300893,0.010509231,-0.51532847,0.2617504,0.06487435,-0.29311568,0.039539308,1
341.4828,0.2817,0.217,0.0758,0.1126,0.1646,0.1863,0.2238,0.2201,0.2272,0.2214,0.19124514,0.095061657,59,0.012967687,26840.67063,0.50323591,4.349615583,0.013320411,-0.42886126,0.1070937,0.1597754,-0.3372572,0.105292669,1
68.29244,0.3469,0.3045,0.0948,0.1378,0.1938,0.2075,0.2446,0.2601,0.2696,0.2805,0.19478509,0.110084817,99,0.014544359,30410.25298,0.484443494,4.265035123,0.051656285,-0.43140087,0.12538521,0.1635736,-0.323515,0.118019516,1
56.43566,0.3083,0.2923,0.0878,0.1134,0.151,0.1835,0.2025,0.215,0.2052,0.2207,0.2210554,0.093274611,81,0.01310941,26380.15575,0.581126691,4.341363831,0.007147438,-0.4621769,0.20077895,0.15216173,-0.28813562,0.094954465,1
78.74237,0.309,0.2849,0.0718,0.0974,0.1492,0.1948,0.2183,0.2333,0.22,0.237,0.22186665,0.112259767,71,0.012967687,36102.43353,0.558854661,4.349615583,0.008170456,-0.5206693,0.16824195,0.19176595,-0.38626337,0.122181301,1
180,0.2889,0.2723,0.0957,0.1246,0.1744,0.2109,0.2238,0.2302,0.221,0.2388,0.1879487,0.075178265,59,0.012896825,39542.32242,0.335646998,4.353741459,5.74E-04,-0.39733976,0.13316335,0.11785533,-0.2789352,0.078065667,1
108.35341,0.2178,0.1786,0.0647,0.0946,0.1338,0.1765,0.197,0.2122,0.212,0.2016,0.11921058,0.127815367,64,0.01323145,39262.47123,0.762839342,4.335862663,0.01385925,-0.3943662,0.013494669,0.22614227,-0.38290933,0.138685264,1
123.564575,0.3482,0.309,0.0648,0.1036,0.1454,0.2117,0.2455,0.2591,0.2522,0.2804,0.21786329,0.162943983,63,0.013373173,53229.27778,0.581610798,4.32761091,0.013741231,-0.54139,0.15989338,0.26861167,-0.41765037,0.178475942,1
0,0.2802,0.2705,0.0824,0.1038,0.1384,0.1716,0.1839,0.1981,0.1832,0.2056,0.22361884,0.080252218,32,0.013418446,7029.285714,0.442117291,4.32930986,0.011880942,-0.45937502,0.20932241,0.13930348,-0.27665505,0.081791623,1
116.456474,0.3036,0.2968,0.0979,0.127,0.1606,0.1847,0.1853,0.2019,0.1948,0.2179,0.22658212,0.060035806,27,0.013373173,10104.82242,0.598257383,4.32761091,0.014316578,-0.4101254,0.21829857,0.09622959,-0.21068986,0.059971938,1
71.64641,0.3222,0.313,0.0836,0.1226,0.1662,0.1993,0.2081,0.2226,0.2044,0.232,0.25811437,0.060650334,29,0.013251134,17004.05159,0.417209666,4.333112079,0.011207581,-0.44874102,0.2236992,0.10307611,-0.25015292,0.065816688,1
90,0.2818,0.2695,0.1012,0.1284,0.1548,0.1714,0.1786,0.1937,0.1856,0.2053,0.2070777,0.056809798,27,0.013327901,7216.694444,0.432749141,4.331049141,0.029140371,-0.37396392,0.20581944,0.09048179,-0.18216561,0.054973822,1
45.13598,0.3266,0.3088,0.0899,0.106,0.1362,0.1712,0.1774,0.1906,0.1887,0.2141,0.24844885,0.098561955,30,0.013475529,18064.83433,0.534195051,4.324860326,0.011235818,-0.5099399,0.26761106,0.1615882,-0.2806244,0.095466134,1
123.55971,0.2281,0.1994,0.0816,0.1074,0.135,0.1558,0.1646,0.1689,0.1566,0.1705,0.20771661,0.039864154,40,0.013064138,38788.30556,0.637953977,4.344802061,0.015122486,-0.35976157,0.18585911,0.07407405,-0.18636364,0.040929749,1
26.678286,0.3769,0.3721,0.103,0.155,0.2,0.2406,0.242,0.2581,0.2396,0.2741,0.2548124,0.059384559,47,0.013038549,22896.07242,0.215048061,4.345489707,0.005393887,-0.41718367,0.22270882,0.09008189,-0.21439433,0.06321839,1
90,0.3365,0.3143,0.0901,0.1342,0.1588,0.2156,0.2265,0.2304,0.2018,0.2393,0.25838414,0.072691612,51,0.01310941,15149.95734,0.346175429,4.341363831,0.009148125,-0.4297854,0.2502322,0.11924569,-0.20119046,0.074947706,1
26.678186,0.286,0.2626,0.0982,0.1326,0.1774,0.1994,0.2086,0.2173,0.2196,0.2329,0.18637992,0.068174499,42,0.013971561,61847.93056,0.523206059,4.295979194,0.035543215,-0.36645967,0.13132912,0.10629726,-0.24701877,0.070568585,1
0,0.3341,0.2983,0.0943,0.1334,0.1852,0.2044,0.2163,0.2289,0.2172,0.2433,0.25012037,0.04934767,39,0.013038549,14666.625,0.626698651,4.345489707,0.0176754,-0.42930484,0.21204428,0.07952284,-0.23901884,0.053191473,1
26.678085,0.333,0.3156,0.0858,0.1266,0.1796,0.1874,0.1943,0.215,0.2238,0.2288,0.24689856,0.066650586,38,0.013251134,40783.35119,0.306447224,4.333112079,0.022058916,-0.4490862,0.1961207,0.10956867,-0.27739727,0.073389423,1
270,0.3256,0.2991,0.09,0.1324,0.1716,0.1913,0.2083,0.2299,0.2092,0.2417,0.24861878,0.060109983,27,0.013038549,16570.95437,0.244125518,4.345489707,0.003508129,-0.42183405,0.21765147,0.09873948,-0.22482432,0.064032691,1
180,0.3368,0.2826,0.0543,0.1009,0.1262,0.184,0.2218,0.2505,0.2388,0.2747,0.22470574,0.177183313,42,0.012967687,34406.53175,0.260108947,4.349615583,0.010563461,-0.5389536,0.17025712,0.30849314,-0.40594643,0.195260111,1
256.03,0.3018,0.2729,0.0784,0.1094,0.1596,0.1945,0.2107,0.2246,0.2238,0.2373,0.20848612,0.100728,41,0.012967687,23366.42063,0.289366232,4.349615583,0.008859618,-0.46789888,0.14840184,0.16744913,-0.34333736,0.109010638,1
53.26533,0.3328,0.296,0.0744,0.1042,0.1628,0.2014,0.2152,0.2392,0.2242,0.253,0.24804835,0.093426654,41,0.013276723,49357.90278,0.476663747,4.332424433,0.009724571,-0.5231121,0.19497308,0.15865633,-0.36540803,0.10383314,1
123.56011,0.2644,0.1979,0.0704,0.0948,0.1204,0.1702,0.1907,0.2028,0.1814,0.2198,0.2089224,0.110844609,36,0.013134999,55638.45933,0.601099816,4.340676185,0.008098598,-0.47216034,0.18618216,0.20212063,-0.3135409,0.114118243,1
225.14047,0.2705,0.2309,0.1086,0.1412,0.1734,0.1894,0.1879,0.2056,0.1916,0.2153,0.19311921,0.032098757,27,0.012967687,24942.00794,0.459242692,4.349615583,0.0081276,-0.31406364,0.17074229,0.049863,-0.15144227,0.031560685,1
283.9703,0.3059,0.2821,0.1016,0.1414,0.1756,0.2016,0.2218,0.2293,0.2206,0.2403,0.19820832,0.074394897,28,0.013038549,15198.56746,0.413453318,4.345489707,0.014859156,-0.36776215,0.16201332,0.11357897,-0.21878454,0.075317987,1
225.1404,0.3174,0.3035,0.1042,0.1472,0.19,0.2148,0.2329,0.2435,0.2358,0.2527,0.19754544,0.071818354,27,0.01323145,9741.305556,0.253845832,4.335862663,0.007120297,-0.36633664,0.14750545,0.10756224,-0.23133157,0.074206093,1
90,0.2864,0.2773,0.1032,0.1356,0.1726,0.2065,0.2095,0.2222,0.1854,0.2253,0.22792937,0.022114709,24,0.012993276,39097.75694,0.385669947,4.348927937,0.011455031,-0.35734597,0.21407376,0.03575417,-0.15514018,0.022377611,1
333.3225,0.3159,0.295,0.1104,0.1498,0.191,0.2166,0.2235,0.2307,0.2222,0.2359,0.20762357,0.050642784,25,0.012967687,17295.83135,0.404662206,4.349615583,0.015995705,-0.35666737,0.17413118,0.075508244,-0.19462366,0.051248368,1
270,0.341,0.3229,0.1334,0.157,0.1848,0.2125,0.2235,0.2441,0.2476,0.2794,0.1596824,0.115790255,25,0.012967687,25846.89583,0.553191372,4.349615583,0.010352246,-0.3694779,0.1586816,0.1452359,-0.22392486,0.101029609,1
243.5471,0.3099,0.3101,0.1016,0.1338,0.192,0.2235,0.2248,0.2362,0.2244,0.2415,0.21246527,0.050173434,35,0.013546391,16602.19345,0.260800999,4.32073445,0.02576434,-0.39688978,0.16002244,0.07780979,-0.25293133,0.053033605,1
281.25604,0.3297,0.3206,0.1108,0.1332,0.1854,0.2069,0.2146,0.217,0.2132,0.2305,0.227744,0.046500751,30,0.013636936,13211.27976,0.303368134,4.31385799,0.022000429,-0.42449772,0.2145883,0.069744125,-0.23094687,0.046405534,1
288.35098,0.3157,0.3159,0.1134,0.1554,0.2062,0.2301,0.2199,0.2339,0.2288,0.2407,0.20796205,0.034973684,32,0.013469624,12149.87302,0.448339655,4.322797388,0.023117094,-0.34026748,0.15959595,0.051954012,-0.19104634,0.036256677,1
134.85982,0.3113,0.2936,0.1022,0.1476,0.1876,0.2114,0.2162,0.2251,0.211,0.233,0.22866644,0.037258764,30,0.012967687,18468.24504,0.477181253,4.349615583,0.011039907,-0.35672262,0.19203526,0.058705453,-0.17679867,0.039060751,1
333.32263,0.3024,0.2903,0.1094,0.1334,0.1704,0.2115,0.2066,0.2124,0.1864,0.2257,0.23028883,0.028812221,31,0.012967687,18396.08433,0.567221372,4.349615583,0.011678138,-0.3877926,0.23731588,0.04484306,-0.1657286,0.028011209,1
225.1402,0.3184,0.3017,0.0888,0.131,0.1798,0.2232,0.2299,0.2375,0.2244,0.2458,0.22800098,0.068104071,32,0.012896825,22923.70933,0.452696854,4.353741459,0.007263327,-0.41700044,0.17317612,0.1103414,-0.26280248,0.073988047,1
45.140186,0.303,0.2921,0.1116,0.1562,0.201,0.2215,0.224,0.2285,0.2174,0.237,0.21008405,0.02584467,31,0.01310941,14257.01488,0.534756658,4.341363831,0.008828981,-0.31968638,0.16448887,0.039196927,-0.16381153,0.026785705,1
134.85982,0.3187,0.3045,0.118,0.1626,0.203,0.2194,0.2223,0.2318,0.225,0.2439,0.20666125,0.03530167,33,0.013038549,13459.75397,0.238113333,4.345489707,0.018348476,-0.32432994,0.17233768,0.05140187,-0.16099072,0.035560345,1
126.735725,0.2974,0.2845,0.1196,0.1532,0.1824,0.198,0.1995,0.2124,0.2046,0.2156,0.19353233,0.03958631,24,0.013251134,19385.22817,0.661273796,4.333112079,0.007982085,-0.32001776,0.18486054,0.05736435,-0.14365569,0.037542282,1
80.58294,0.3044,0.2922,0.1102,0.1448,0.1686,0.2055,0.2064,0.2193,0.2136,0.2229,0.18724899,0.080431837,22,0.014357363,13420.46726,0.330562689,4.282718482,0.011127936,-0.35529828,0.17528959,0.11773941,-0.19196425,0.076513266,1
0,0.2925,0.2839,0.1092,0.125,0.1544,0.1833,0.1807,0.1909,0.1656,0.195,0.23846473,0.021995278,29,0.013302312,40967.32937,0.396678108,4.331736787,0.007577917,-0.40119758,0.27701372,0.034999985,-0.13971095,0.020487797,1
90,0.3008,0.2893,0.1114,0.1494,0.1964,0.2175,0.2128,0.2282,0.2156,0.2387,0.20650327,0.03079884,33,0.013591664,13246.19841,0.609018283,4.31729622,0.026159912,-0.33629498,0.16498838,0.046601936,-0.18136987,0.031578943,1
59.15958,0.303,0.2926,0.104,0.144,0.184,0.2039,0.1963,0.2109,0.2066,0.2095,0.2211635,0.036913621,28,0.012967687,8651.235119,0.351977914,4.349615583,0.009365374,-0.35570472,0.18916799,0.057859693,-0.17855106,0.038064218,1
90,0.3041,0.297,0.1084,0.1478,0.1886,0.209,0.2024,0.2133,0.202,0.214,0.2269954,0.022030783,31,0.013038549,9118.573413,0.298266991,4.345489707,0.00352896,-0.345873,0.20173877,0.034306202,-0.1549457,0.02256906,1
0,0.3126,0.3027,0.1198,0.168,0.199,0.211,0.215,0.2296,0.2338,0.2428,0.18261673,0.056888762,28,0.01323145,12990.80357,0.37425232,4.335862663,0.019778413,-0.3008739,0.14421669,0.080406636,-0.16376306,0.055960538,1
0,0.3111,0.3051,0.1,0.1322,0.1728,0.2049,0.2013,0.2165,0.1932,0.23,0.24539956,0.034459463,29,0.013089727,19417.29563,0.385629013,4.344114415,0.004044093,-0.40356418,0.2337894,0.05573771,-0.1874616,0.035334877,1
37.004173,0.3145,0.3124,0.119,0.1638,0.205,0.2217,0.2155,0.2208,0.2142,0.2299,0.21848246,0.014822464,22,0.01323145,14982.02183,0.366812422,4.335862663,0.007471931,-0.31507424,0.1897106,0.021946581,-0.13333334,0.015013066,1
198.51895,0.3117,0.3148,0.1194,0.1556,0.1892,0.2205,0.2165,0.2268,0.2066,0.2345,0.21151286,0.030076742,23,0.01310941,13760.16865,0.422468138,4.341363831,0.012217654,-0.33404663,0.20277831,0.04396159,-0.14080618,0.029135962,1
108.3513,0.291,0.2905,0.1004,0.1372,0.1782,0.2058,0.1987,0.208,0.1984,0.2165,0.22187501,0.033342134,20,0.012896825,12493.88988,0.5745873,4.353741459,0.006159596,-0.35917798,0.18921128,0.053637806,-0.18235998,0.034565364,1
45.139652,0.3077,0.2944,0.1022,0.1448,0.1858,0.2132,0.208,0.221,0.2024,0.2309,0.23668714,0.026762104,27,0.013758976,24278.53472,0.591705939,4.308356822,0.027385537,-0.35999998,0.20643012,0.042761456,-0.16589859,0.028034223,1
78.743706,0.2987,0.2747,0.1158,0.165,0.1954,0.2015,0.2178,0.2359,0.2234,0.2496,0.18588744,0.045832511,28,0.013038549,16984.78472,0.43503394,4.345489707,0.001881376,-0.28833297,0.14422525,0.06685768,-0.15036042,0.045711794,1
180,0.2939,0.2751,0.1136,0.1494,0.1788,0.2063,0.203,0.2142,0.1964,0.2188,0.2078702,0.031047135,29,0.014068011,9951.560516,0.50661993,4.291165672,0.055185623,-0.3259644,0.19885786,0.046908315,-0.13591674,0.030164534,1
0,0.3054,0.2885,0.1188,0.1536,0.1892,0.2076,0.1997,0.21,0.1994,0.2223,0.21702759,0.017664162,31,0.013251134,17021.93155,0.468333022,4.333112079,0.008258797,-0.33071896,0.2099842,0.026248055,-0.129745,0.017218086,1
333.32285,0.3288,0.2964,0.0897,0.1372,0.1834,0.2101,0.2235,0.2371,0.2318,0.2484,0.22873935,0.072915723,14,0.013495213,9818.72619,0.667570298,4.322109742,0.025286914,-0.4111588,0.17302887,0.11657032,-0.25636858,0.079326922,1
270,0.3036,0.2926,0.1032,0.142,0.1816,0.2016,0.219,0.2394,0.2188,0.2421,0.2021804,0.060609993,15,0.013951877,6679.159722,0.211606055,4.298729778,0.032964126,-0.3626571,0.16232775,0.09290706,-0.21286029,0.061972438,1
296.4533,0.3354,0.312,0.0982,0.1404,0.1914,0.2302,0.2448,0.26,0.2366,0.2658,0.22284122,0.068547148,13,0.012896825,21582.99702,0.426659291,4.353741459,0.002007784,-0.40983602,0.17272726,0.10560745,-0.25517237,0.073060329,1
198.51901,0.3309,0.3064,0.0719,0.1312,0.161,0.2102,0.2253,0.2413,0.2376,0.2577,0.2276017,0.115059936,15,0.013134999,5965.460317,0.412895023,4.340676185,0.010658504,-0.43215755,0.16411611,0.1921726,-0.28850326,0.12786557,1
314.8587,0.3136,0.3027,0.0904,0.1034,0.1482,0.174,0.1775,0.1878,0.1782,0.2054,0.2645126,0.053980137,61,0.013327901,19148.15873,0.276589579,4.331049141,0.009757649,-0.5040767,0.27531517,0.09191176,-0.26562503,0.054453051,1
198.52275,0.3923,0.3636,0.098,0.156,0.2182,0.238,0.2487,0.2612,0.2548,0.279,0.26751792,0.050027329,8,0.012896825,33992.48909,0.591304963,4.353741459,0.001483809,-0.43096846,0.2124865,0.07737842,-0.2405063,0.056423424,1
213.82497,0.3799,0.342,0.086,0.123,0.1702,0.1955,0.2086,0.2325,0.2358,0.25,0.26184195,0.101736961,7,0.012967687,41668.00595,0.246133984,4.349615583,0.007962161,-0.51083714,0.23404257,0.16157633,-0.31438124,0.108609259,1
90,0.3588,0.3155,0.063,0.115,0.1442,0.1889,0.2151,0.2281,0.2346,0.2551,0.25655758,0.13888035,5,0.013134999,34671.46726,0.5475367,4.340676185,0.021108458,-0.5145631,0.20930234,0.23864836,-0.34210524,0.154301314,1
134.85403,0.324,0.2969,0.0814,0.1282,0.1716,0.1997,0.2157,0.2243,0.2032,0.2313,0.27044347,0.048696293,8,0.012967687,44731.24405,0.352342185,4.349615583,0.006970118,-0.43299428,0.22913507,0.08431163,-0.22631262,0.054183811,1
180,0.3587,0.3432,0.1006,0.137,0.178,0.2056,0.2202,0.2428,0.2296,0.2646,0.23820512,0.083597941,6,0.013038549,34246.10714,0.243265551,4.345489707,0.009209812,-0.44724634,0.21944587,0.12659469,-0.2525914,0.08527985,1
63.551517,0.332,0.2732,0.0772,0.1152,0.1384,0.165,0.2065,0.2305,0.2194,0.26,0.22659712,0.137680174,3,0.01310941,22319.68651,0.394753146,4.341363831,0.007978217,-0.48479426,0.20420745,0.22638345,-0.31141663,0.141641408,1
0,0.4354,0.3536,0.0648,0.1192,0.165,0.2376,0.267,0.2911,0.2762,0.318,0.27554706,0.156162213,2,0.012896825,37406.9375,0.761266123,4.353741459,0.001480705,-0.57014066,0.2237212,0.25203988,-0.39706627,0.177220553,1
134.85422,0.3981,0.3723,0.105,0.1542,0.2114,0.2265,0.2404,0.2561,0.2768,0.2762,0.22969836,0.09301929,5,0.013064138,61509.86905,0.43127011,4.344802061,0.019999014,-0.4416078,0.17973031,0.1339615,-0.28445476,0.099271408,1
180,0.3665,0.3134,0.0791,0.1376,0.1786,0.2022,0.2496,0.2668,0.2662,0.2967,0.22439352,0.125533815,4,0.013089727,22172.77579,0.670255645,4.344114415,0.005039581,-0.45407656,0.15852693,0.19694246,-0.3184745,0.139077065,1
81.9107,0.4352,0.3865,0.0794,0.1308,0.1936,0.2284,0.2385,0.258,0.2546,0.2893,0.30619028,0.083758981,10,0.01323145,15960.44246,0.591104361,4.335862663,0.029942484,-0.5378092,0.26181504,0.13609993,-0.3212247,0.096498614,1
56.444485,0.3757,0.3413,0.1018,0.1428,0.1854,0.223,0.2396,0.2537,0.2436,0.2832,0.23794815,0.091365783,7,0.012967687,39941.98214,0.678579346,4.349615583,0.006787884,-0.4491803,0.21330535,0.13566434,-0.26086953,0.093972017,1
270,0.3612,0.3232,0.1218,0.1632,0.212,0.2109,0.2374,0.26,0.2818,0.2855,0.17362818,0.106382985,5,0.013038549,25634.06448,0.322994472,4.345489707,0.01461251,-0.37757435,0.12348367,0.14135279,-0.26651683,0.105353196,1
270,0.3957,0.3667,0.0974,0.1318,0.1666,0.2219,0.2282,0.2444,0.2238,0.2776,0.2728919,0.095786723,3,0.013038549,54130.71429,0.564862686,4.345489707,8.81E-04,-0.5002844,0.27748185,0.14651638,-0.2587177,0.096361185,1
180,0.3769,0.3352,0.1142,0.1482,0.1838,0.2223,0.2543,0.2894,0.2712,0.3152,0.18528695,0.143986832,5,0.013038549,30581.16369,0.316721145,4.345489707,0.004613731,-0.43553606,0.16309209,0.19208792,-0.2932761,0.137277494,1
341.4774,0.3879,0.3474,0.1412,0.1846,0.2338,0.2627,0.2835,0.3002,0.2908,0.3286,0.18003225,0.087177312,4,0.012896825,39157.23313,0.318114224,4.353741459,9.75E-04,-0.35510918,0.14306761,0.10865423,-0.22339085,0.083447215,1
270,0.4022,0.3631,0.1296,0.1756,0.222,0.2463,0.26,0.2778,0.292,0.3079,0.1937273,0.105932193,4,0.013180272,49502.79067,0.335297105,4.337237955,0.012930961,-0.39217722,0.1587439,0.13618676,-0.24893068,0.103550285,1
180,0.3634,0.3078,0.1082,0.1552,0.172,0.2299,0.2652,0.2839,0.2722,0.3173,0.16925097,0.167816675,5,0.012967687,44490.44544,0.489470344,4.349615583,0.0081666,-0.40146548,0.1434865,0.22557403,-0.27374822,0.15918235,1
225.14574,0.4063,0.3729,0.1522,0.201,0.262,0.2845,0.2859,0.3062,0.3096,0.335,0.1827272,0.068386877,2,0.012896825,34514.3998,0.244050607,4.353741459,0.002803812,-0.33805367,0.13507475,0.08327502,-0.21269093,0.066629341,1
180,0.3183,0.2754,0.0634,0.0971,0.1254,0.1754,0.213,0.2393,0.257,0.2668,0.16136633,0.214485933,8,0.013038549,51980.65774,0.453496095,4.345489707,0.013211355,-0.53249884,0.106553115,0.34414223,-0.45156735,0.223708055,1
217.01071,0.3564,0.3275,0.1078,0.146,0.1816,0.2119,0.2148,0.2303,0.237,0.2565,0.21884912,0.091232458,4,0.012993276,50472.09226,0.226708045,4.348927937,0.007733279,-0.41878983,0.20121336,0.13234591,-0.23759793,0.090463747,1
270,0.373,0.3502,0.1292,0.1592,0.194,0.2247,0.2251,0.2446,0.2452,0.2651,0.20458892,0.08887652,2,0.013160588,35440.22222,0.459786072,4.339988539,0.022933787,-0.40172866,0.20672922,0.11657556,-0.21266073,0.081771701,1
326.1745,0.3525,0.3179,0.1102,0.1488,0.1858,0.2092,0.2263,0.2439,0.239,0.2727,0.21307042,0.087081766,1,0.012967687,35441.1379,0.447035832,4.349615583,0.011082682,-0.4063435,0.19188504,0.1252354,-0.2325941,0.086288914,1
333.31744,0.3413,0.3113,0.0958,0.1314,0.1562,0.2093,0.2323,0.2567,0.2408,0.2745,0.19290257,0.144912613,-2,0.012896825,58221.21627,0.640447433,4.353741459,0.001849216,-0.44404486,0.17265077,0.2130982,-0.29392797,0.14147155,1
270,0.3613,0.3367,0.114,0.1438,0.189,0.2401,0.2504,0.2732,0.254,0.2856,0.19851898,0.106001326,3,0.012967687,34255.77282,0.38128857,4.349615583,0.009921965,-0.43060777,0.17438646,0.14672689,-0.2770236,0.103393445,1
270,0.3325,0.2768,0.0592,0.0934,0.1182,0.1621,0.1973,0.2304,0.2248,0.2622,0.22689533,0.178859077,3,0.012967687,75354.2629,0.487215908,4.349615583,0.007820538,-0.5613994,0.19325319,0.3107872,-0.41294783,0.189679731,1
243.55219,0.3568,0.3102,0.1116,0.1486,0.192,0.2103,0.2385,0.2529,0.2592,0.2878,0.1935624,0.106720879,1,0.013186177,35785.29365,0.559742174,4.339300893,0.008556886,-0.41195092,0.15844153,0.14893618,-0.2712114,0.105971412,1
56.445198,0.3608,0.3266,0.0932,0.1462,0.1782,0.2353,0.2732,0.2957,0.2956,0.3231,0.16188835,0.1761916,3,0.013205861,20505.96429,0.373234312,4.336550309,0.01496443,-0.42327416,0.09932968,0.24778385,-0.33816206,0.180837939,1
243.552,0.3677,0.3523,0.1204,0.1614,0.2024,0.2434,0.2583,0.2698,0.2686,0.2884,0.18882288,0.104746816,3,0.012896825,43456.52183,0.610853295,4.353741459,0.003642919,-0.3899074,0.15574418,0.140552,-0.24930228,0.102265689,1
45.146584,0.3445,0.3239,0.127,0.1606,0.1908,0.2303,0.2344,0.2494,0.2374,0.2701,0.18995221,0.081485628,3,0.013089727,24684.93155,0.416587959,4.344114415,0.003575787,-0.3640863,0.18405226,0.10882765,-0.19296479,0.075307045,1
103.9674,0.3462,0.3123,0.097,0.1356,0.17,0.1994,0.22,0.2454,0.2536,0.2742,0.19104752,0.135178837,-2,0.01310941,29839.60119,0.664533091,4.341363831,0.014400458,-0.4371108,0.15438478,0.197356,-0.30318603,0.135773061,1
206.68593,0.287,0.2783,0.0745,0.1238,0.1706,0.179,0.1794,0.1894,0.2026,0.1977,0.2456785,0.047977459,20,0.013205861,26259.79663,0.585561207,4.336550309,0.020771788,-0.3972736,0.17238562,0.085744925,-0.24142157,0.054970234,1
270,0.3463,0.3217,0.094,0.1386,0.174,0.1977,0.2019,0.2121,0.2196,0.2311,0.24787144,0.073142583,26,0.013186177,17605.49702,0.675451484,4.339300893,0.025458258,-0.42833573,0.22389114,0.11585369,-0.22613065,0.076544335,1
0,0.2887,0.2818,0.0668,0.1158,0.1552,0.1777,0.1798,0.1896,0.1662,0.1955,0.31156746,0.017226247,20,0.012967687,42390.65972,0.306928394,4.349615583,0.013379955,-0.4274413,0.26928997,0.03422524,-0.1787234,0.020087641,1
134.84915,0.3125,0.3012,0.0782,0.1184,0.172,0.1837,0.1885,0.2045,0.1976,0.2077,0.2744969,0.038950764,20,0.013064138,35895.09821,0.706552578,4.344802061,0.01355209,-0.45045254,0.22524993,0.06926407,-0.25063294,0.044158235,1
158.09436,0.3304,0.2829,0.08,0.1158,0.151,0.1883,0.2102,0.2297,0.1904,0.2446,0.28065974,0.065824666,21,0.013064138,55350.06448,0.76738105,4.344802061,0.015449861,-0.48095024,0.2688172,0.115407184,-0.24363162,0.070240096,1
0,0.2896,0.2868,0.0788,0.1134,0.1412,0.1676,0.1714,0.1813,0.1654,0.1971,0.27644446,0.042557667,20,0.012896825,32062.14683,0.583709603,4.353741459,0.006125632,-0.43722087,0.27296707,0.07893018,-0.18651363,0.045003705,1
225.1508,0.3138,0.2695,0.1148,0.1472,0.1726,0.1898,0.2161,0.2364,0.2526,0.2581,0.1393769,0.140134549,20,0.013089727,41441.83135,0.51035981,4.344114415,0.00237544,-0.3613883,0.10805083,0.18814678,-0.26363182,0.129701705,1
296.4446,0.3726,0.3311,0.0987,0.1354,0.165,0.2148,0.2312,0.2436,0.2402,0.272,0.22669709,0.126178715,20,0.012896825,34428.2381,0.28267813,4.353741459,0.001108956,-0.46692914,0.21605743,0.18558735,-0.27902025,0.12461333,1
270,0.3711,0.332,0.0672,0.1021,0.171,0.1817,0.2043,0.2247,0.2194,0.2423,0.30831423,0.069484321,18,0.012967687,30170.26091,0.429481641,4.349615583,0.008986959,-0.56847,0.25690094,0.1239754,-0.36485225,0.081536387,1
270,0.3587,0.3271,0.0824,0.1312,0.1782,0.2019,0.2151,0.2335,0.226,0.257,0.27031824,0.071249685,17,0.013089727,24877.01786,0.261596271,4.344114415,0.00251131,-0.4643805,0.22695401,0.11825826,-0.26539752,0.079296598,1
326.17072,0.3652,0.2909,0.0947,0.1406,0.1764,0.2405,0.2634,0.2809,0.273,0.3035,0.19124603,0.148968316,14,0.012896825,44207.73313,0.196097837,4.353741459,0.002405288,-0.44404906,0.14446883,0.21495326,-0.32011607,0.152622702,1
153.3142,0.3755,0.2964,0.0712,0.1044,0.1436,0.1787,0.2272,0.2561,0.242,0.2842,0.24738675,0.156727821,13,0.012896825,30233.4504,0.265639371,4.353741459,0.004556678,-0.56490934,0.21619433,0.2551867,-0.39722863,0.166666661,1
111.697685,0.3577,0.2891,0.0709,0.1016,0.1334,0.1951,0.2308,0.2553,0.2576,0.2902,0.19838943,0.203439835,11,0.012967687,44970.63194,0.359533227,4.349615583,0.007459646,-0.5575876,0.16268484,0.3176471,-0.43429846,0.209090936,1
0,0.3679,0.3082,0.0728,0.1226,0.1852,0.1986,0.2248,0.2506,0.2592,0.2842,0.24980229,0.101403201,19,0.013347584,25468.875,0.476439105,4.328298556,0.016864706,-0.500102,0.1733376,0.16651665,-0.35777897,0.117534943,1
180,0.3767,0.3579,0.0794,0.1234,0.181,0.197,0.1998,0.2113,0.2358,0.255,0.27780962,0.07936049,20,0.012993276,34249.55556,0.409357946,4.348927937,0.011618193,-0.5064987,0.23004083,0.13147794,-0.3129176,0.089659693,1
270,0.238,0.2248,0.0744,0.1094,0.1544,0.1646,0.1616,0.1701,0.1868,0.1753,0.2007344,0.052083327,18,0.012896825,40601.31548,0.684828148,4.353741459,0.001704961,-0.3701785,0.12052731,0.09495896,-0.26130995,0.057774602,1
116.443695,0.3402,0.3242,0.0811,0.1262,0.1782,0.213,0.2234,0.2304,0.222,0.2463,0.26208156,0.065064315,20,0.012896825,52713.00099,0.466266085,4.353741459,0.006901638,-0.4588336,0.21024548,0.10944527,-0.27512923,0.072983775,1
341.47366,0.2728,0.2635,0.0784,0.1332,0.1748,0.1963,0.2001,0.2196,0.203,0.2229,0.22798353,0.042372883,17,0.013038549,65046.29861,0.759197365,4.345489707,0.001868863,-0.34384236,0.14670031,0.07464267,-0.20761448,0.048188655,1
71.65603,0.3025,0.2779,0.0875,0.1208,0.1742,0.1929,0.2055,0.2191,0.2232,0.2345,0.21082044,0.075985478,21,0.012896825,75275.82242,0.52928141,4.353741459,0.004254751,-0.4292464,0.15084653,0.12330145,-0.2976744,0.081903269,1
90,0.2692,0.2122,0.1276,0.15,0.1676,0.1737,0.1981,0.2135,0.1926,0.234,0.15402907,0.050354476,18,0.012896825,110744.3502,0.545115132,4.353741459,0.002326476,-0.2843511,0.16587268,0.06940586,-0.12434323,0.043594497,1
270,0.2622,0.2304,0.0768,0.0974,0.148,0.1844,0.1921,0.1947,0.1736,0.2011,0.2419013,0.043080239,68,0.013186177,41783.81944,0.617604448,4.339300893,0.00862676,-0.45828697,0.20330426,0.079601996,-0.2811808,0.046738074,1
90,0.2951,0.2623,0.0787,0.1112,0.1506,0.1897,0.2012,0.2121,0.1908,0.2209,0.24636467,0.066815136,63,0.012993276,27059.83631,0.66129701,4.348927937,0.011540892,-0.45262122,0.21465324,0.11775043,-0.26357615,0.071666262,1
314.8561,0.3017,0.2903,0.0722,0.0987,0.1436,0.1775,0.1877,0.1991,0.188,0.2052,0.26236713,0.073602532,72,0.013205861,27874.29067,0.534652694,4.336550309,0.014891688,-0.506993,0.23218298,0.13389623,-0.3114754,0.080086565,1
71.651146,0.2759,0.2501,0.0648,0.0982,0.1428,0.167,0.191,0.1986,0.1872,0.2096,0.24854632,0.071245173,77,0.013321995,22344.85417,0.537479495,4.334123382,0.003233891,-0.4750067,0.19153532,0.13454543,-0.311843,0.080240949,1
90,0.3038,0.273,0.0742,0.1062,0.1492,0.183,0.1968,0.2071,0.2004,0.213,0.24518967,0.083165463,59,0.012993276,47769.79663,0.372528962,4.348927937,0.008964433,-0.4819512,0.20507734,0.14645305,-0.3072407,0.090395458,1
63.550156,0.2821,0.261,0.07,0.0982,0.13,0.1658,0.1748,0.1866,0.1748,0.193,0.25468108,0.078332633,63,0.012967687,49893.25893,0.512083509,4.349615583,0.01046514,-0.4835656,0.2348435,0.14698163,-0.28058606,0.083499004,1
18.521675,0.2908,0.2609,0.0617,0.0896,0.11,0.1544,0.1741,0.1849,0.1694,0.2062,0.26855513,0.108659875,63,0.013186177,33105.97321,0.427151871,4.339300893,0.013397265,-0.52891695,0.26379833,0.21259844,-0.30810815,0.11431872,1
90,0.291,0.2622,0.0654,0.0866,0.115,0.1549,0.1728,0.1834,0.1694,0.2069,0.26716605,0.099349848,65,0.012896825,38597.7381,0.534515884,4.353741459,0.001993743,-0.5413136,0.26411816,0.1912799,-0.3234375,0.104028564,1
0,0.3237,0.2856,0.0477,0.084,0.1124,0.1812,0.2101,0.2282,0.2088,0.2376,0.25931275,0.157986166,75,0.013302312,23304.73016,0.460366354,4.331736787,0.023010536,-0.58793235,0.21577466,0.30012453,-0.4262295,0.176083779,1
116.44996,0.2343,0.1854,0.0338,0.0695,0.0768,0.133,0.197,0.2193,0.234,0.2344,0.07479705,0.272670489,78,0.012896825,33390.02083,0.460715318,4.353741459,0.003258894,-0.54246217,6.41E-04,0.5057915,-0.5420099,0.290823866,1
146.17688,0.2807,0.2443,0.0589,0.0881,0.1138,0.156,0.1972,0.2131,0.2104,0.2253,0.18861102,0.166385346,80,0.012967687,34067.94345,0.550382753,4.349615583,0.008442487,-0.52223426,0.14314803,0.29796425,-0.40971524,0.17580685,1
161.47853,0.2788,0.2541,0.0758,0.101,0.1388,0.1579,0.1736,0.1939,0.1794,0.2117,0.24137932,0.07030547,81,0.013180272,27636.87202,0.346207411,4.337237955,0.005109339,-0.46814114,0.21693586,0.12759271,-0.27960056,0.074431683,1
180,0.3157,0.2666,0.065,0.0962,0.1484,0.1715,0.1916,0.1986,0.1836,0.2034,0.30237126,0.055468012,77,0.013205861,19294.9504,0.554620071,4.336550309,0.016637964,-0.53289634,0.26457042,0.1060241,-0.31236598,0.063461539,1
180,0.2662,0.2384,0.0954,0.1156,0.1292,0.1447,0.1748,0.2061,0.2158,0.2294,0.11916219,0.169737369,68,0.012967687,38638.93849,0.58437503,4.349615583,0.008029922,-0.3944474,0.104564324,0.2510145,-0.30235368,0.153727821,1
213.82309,0.3318,0.2942,0.0747,0.1015,0.1346,0.1777,0.1911,0.2169,0.181,0.2252,0.29178786,0.08121258,75,0.014428225,38918.8254,0.529203351,4.272599229,0.036759572,-0.5315024,0.2940718,0.14702153,-0.28141594,0.085335942,1
256.0314,0.3019,0.2741,0.065,0.0988,0.1288,0.1716,0.2031,0.2202,0.2308,0.2353,0.1856848,0.168194702,82,0.012896825,28556.03869,0.399657691,4.353741459,0.001618814,-0.506863,0.133471,0.2836485,-0.40048543,0.177989758,1
45.144253,0.2845,0.2759,0.0706,0.1015,0.1466,0.1752,0.1862,0.1977,0.1822,0.206,0.26071063,0.058082634,81,0.012967687,24767.01885,0.551891702,4.349615583,0.007000745,-0.4740933,0.21919863,0.10827253,-0.28445542,0.064430514,1
180,0.3322,0.3167,0.0864,0.1152,0.1676,0.1845,0.1961,0.2091,0.2038,0.2201,0.26531646,0.057960783,81,0.013514897,20544.67361,0.282908518,4.319359158,0.005878142,-0.48502457,0.23955224,0.097469,-0.27774295,0.062313496,1
270,0.2849,0.2586,0.0788,0.1146,0.1718,0.1897,0.1998,0.207,0.2062,0.2131,0.23149522,0.052247875,85,0.012993276,44227.82738,0.643751021,4.348927937,0.013131882,-0.42628285,0.1602525,0.091005296,-0.28553617,0.058769933,1
283.9692,0.2934,0.2748,0.089,0.117,0.146,0.185,0.206,0.2196,0.216,0.2286,0.18054807,0.122850138,81,0.012967687,27786.1369,0.559997268,4.349615583,0.007217825,-0.42982456,0.15194343,0.19337018,-0.29729733,0.121809758,1
180,0.2418,0.2013,0.1078,0.1488,0.1782,0.1773,0.1794,0.1887,0.2044,0.187,0.14722753,0.044706839,75,0.013038549,19126.81448,0.565440617,4.345489707,0.002139886,-0.23809522,0.0838189,0.068478815,-0.1574179,0.044527526,1
333.32074,0.2517,0.2379,0.088,0.1286,0.1718,0.1768,0.1866,0.1951,0.189,0.1962,0.20913635,0.027567626,66,0.013160588,24798.1121,0.650972406,4.339988539,0.019386898,-0.32369184,0.1422737,0.04767182,-0.19017631,0.029972107,1
314.85754,0.2739,0.246,0.0822,0.112,0.146,0.1749,0.193,0.2038,0.2002,0.2114,0.19578527,0.092827307,65,0.013251134,19697.27282,0.465393367,4.333112079,0.00885749,-0.41953874,0.15545243,0.15655692,-0.2825112,0.096076592,1
0,0.2175,0.2037,0.0814,0.11,0.136,0.1609,0.1677,0.171,0.1718,0.1736,0.16532059,0.0649822,64,0.012896825,23094.4375,0.374437161,4.353741459,9.87E-04,-0.32824427,0.117390186,0.11630927,-0.21930449,0.066476841,1
296.45132,0.2575,0.2227,0.0665,0.0918,0.1152,0.16,0.1833,0.1955,0.1848,0.1974,0.19455127,0.126338722,65,0.013038549,23948.85615,0.629560888,4.345489707,0.003077662,-0.47437733,0.16436806,0.23200001,-0.3362256,0.130500002,1
314.85745,0.2485,0.2145,0.0794,0.1298,0.1746,0.1736,0.1822,0.1955,0.2054,0.2004,0.19536658,0.046455505,66,0.012993276,32812.64583,0.371618629,4.348927937,0.007904732,-0.3137721,0.09495483,0.08105263,-0.22553697,0.052499999,1
251.65038,0.1945,0.1578,0.0934,0.1428,0.1732,0.1672,0.1742,0.1824,0.1754,0.1857,0.15538098,0.003632533,61,0.013186177,14269.97718,0.352046792,4.339300893,0.010789464,-0.153276,0.051635563,0.006310979,-0.10245129,0.003888771,1
90,0.2587,0.2542,0.0691,0.0983,0.1224,0.1677,0.1707,0.1865,0.1694,0.1953,0.2301485,0.084803878,65,0.013038549,22989.15278,0.344846447,4.345489707,0.005108069,-0.44929972,0.20859613,0.16106924,-0.26559582,0.089037646,1
134.85767,0.3373,0.2976,0.0773,0.1174,0.1772,0.2005,0.2206,0.2365,0.2302,0.246,0.25182483,0.077320321,62,0.013469624,22571.86905,0.329425826,4.322797388,0.024177975,-0.48361558,0.18872249,0.13009325,-0.32451093,0.087612941,1
194.10333,0.2644,0.2295,0.0854,0.116,0.1464,0.1738,0.2143,0.2265,0.251,0.2455,0.099571764,0.175632987,62,0.013038549,37365.8621,0.444632447,4.345489707,0.019335713,-0.39011568,0.02599926,0.26321083,-0.3678474,0.174838394,1
161.47955,0.2569,0.2498,0.0906,0.1158,0.1462,0.1588,0.1781,0.1925,0.198,0.2048,0.16553421,0.092784977,72,0.013064138,31311.14881,0.484232229,4.344802061,0.015414246,-0.3785887,0.12947904,0.15049389,-0.26195028,0.092039797,1
63.548447,0.2922,0.2784,0.075,0.111,0.152,0.1723,0.188,0.2084,0.2106,0.2184,0.2173198,0.093904253,67,0.013064138,34521.06151,0.688521417,4.344802061,0.016459247,-0.44940475,0.16229115,0.16161062,-0.3097015,0.101901244,1
116.45162,0.3211,0.3046,0.0792,0.1158,0.1608,0.187,0.2031,0.2159,0.212,0.2278,0.24666925,0.080869351,60,0.012967687,17330.4881,0.592566896,4.349615583,0.009545205,-0.46990156,0.20465204,0.13733907,-0.29347163,0.087992672,1
303.55823,0.3763,0.3635,0.142,0.1842,0.216,0.2468,0.2475,0.2563,0.2392,0.2546,0.21684644,0.039450399,37,0.012896825,29761.33135,0.405794747,4.353741459,0.001675635,-0.34272972,0.22274575,0.050966587,-0.12990078,0.036432146,1
296.45087,0.3776,0.37,0.1372,0.1816,0.2322,0.2479,0.2639,0.2679,0.2866,0.2809,0.17995358,0.082384294,30,0.013160588,47007.98214,0.639487843,4.339988539,0.023291713,-0.35050073,0.13700695,0.10485736,-0.22426312,0.080094225,1
206.67964,0.327,0.2949,0.1142,0.1372,0.1814,0.2172,0.2303,0.2369,0.2222,0.2571,0.20359847,0.070146492,34,0.013418446,51842.44841,0.686293433,4.32417268,0.00792603,-0.4088755,0.19082299,0.1010902,-0.2365053,0.067729092,1
225.14302,0.3562,0.2934,0.1166,0.1554,0.1824,0.2162,0.2167,0.2302,0.2254,0.2562,0.22325689,0.074379017,31,0.013321995,23391.94841,0.387921459,4.328986202,0.004951257,-0.39249417,0.22489685,0.105443835,-0.18382356,0.071050888,1
45.142982,0.3587,0.3363,0.1186,0.1478,0.2,0.2217,0.2387,0.2495,0.2228,0.2597,0.24141762,0.037174719,31,0.013089727,26458.85913,0.426011957,4.344114415,0.017280341,-0.416387,0.23370594,0.053926203,-0.20237453,0.037061116,1
341.47916,0.3577,0.3602,0.1232,0.1556,0.1828,0.2166,0.2355,0.2545,0.2536,0.2742,0.17845851,0.124088628,33,0.013038549,29413.03373,0.467892731,4.345489707,0.013049973,-0.39372686,0.17029281,0.1622365,-0.2394917,0.113413082,1
71.65059,0.3358,0.3222,0.0828,0.1294,0.1738,0.2127,0.2227,0.2384,0.22,0.2304,0.25455442,0.070349603,35,0.013038549,25083.40675,0.789581459,4.345489707,0.001660315,-0.44368014,0.20834832,0.117318414,-0.25930166,0.077534111,1
90,0.3296,0.3039,0.1168,0.1534,0.1846,0.2024,0.2149,0.2336,0.228,0.2443,0.19720605,0.074335444,32,0.012896825,27673.83433,0.414769689,4.353741459,0.002228599,-0.3648033,0.18220948,0.105186634,-0.19559516,0.071334656,1
163.979,0.3357,0.2983,0.1192,0.1442,0.1772,0.21,0.2238,0.2368,0.2144,0.254,0.21181338,0.067215937,27,0.012896825,57753.45734,0.543790796,4.353741459,0.003639322,-0.39904147,0.22050539,0.094994865,-0.1957613,0.0625841,1
90,0.3287,0.3124,0.1296,0.1588,0.177,0.2106,0.2091,0.222,0.1946,0.2409,0.21870105,0.034251907,28,0.012967687,26006.32143,0.305544229,4.349615583,0.006800684,-0.3485128,0.25625837,0.047362756,-0.101301625,0.030289123,1
0,0.3339,0.3222,0.1094,0.135,0.1802,0.1929,0.1972,0.2063,0.2102,0.2283,0.23329736,0.050989192,49,0.013064138,10501.39484,0.121473493,4.344802061,0.017199365,-0.42418426,0.22734793,0.07684427,-0.2178447,0.050539086,1
206.67972,0.3341,0.3149,0.1262,0.1604,0.2264,0.2346,0.2381,0.2451,0.248,0.2488,0.1993153,0.03253207,39,0.013089727,24853.31647,0.474203872,4.344114415,0.009192297,-0.3512639,0.14791276,0.045531183,-0.21449557,0.033251221,1
78.74496,0.3524,0.347,0.1216,0.1544,0.181,0.2011,0.2123,0.237,0.2246,0.2495,0.212824,0.077935095,36,0.012993276,18317.05952,0.375062136,4.348927937,0.012675097,-0.39068666,0.22149047,0.10749509,-0.18522426,0.072217328,1
270,0.3399,0.3077,0.1002,0.1278,0.152,0.2016,0.2234,0.2326,0.231,0.2547,0.19523749,0.141933186,36,0.012993276,23155.87897,0.487716333,4.348927937,0.011741879,-0.4534958,0.19075142,0.20626634,-0.28762543,0.134201604,1
251.65042,0.3489,0.3352,0.112,0.1522,0.1858,0.2192,0.2302,0.2385,0.2338,0.2525,0.21453719,0.079543938,32,0.013038549,17229.89286,0.406880447,4.345489707,0.003371168,-0.3925364,0.19752875,0.11439465,-0.21139896,0.0782949,1
153.32019,0.348,0.3189,0.0869,0.1232,0.163,0.2143,0.215,0.2245,0.2176,0.2477,0.25321886,0.088415326,34,0.013251134,23972.07044,0.402730513,4.333112079,0.021064967,-0.47707978,0.2305516,0.1434577,-0.2769953,0.09300477,1
0,0.3641,0.3387,0.1302,0.1784,0.212,0.2176,0.2275,0.2374,0.2448,0.2516,0.21143939,0.053236389,41,0.013180272,16533.13988,0.366388162,4.337237955,0.014661786,-0.34230417,0.1959271,0.07180386,-0.15689982,0.051421411,1
251.66106,0.1766,0.0841,0.0262,0.0637,0.0425,0.0992,0.3001,0.364,0.3688,0.4042,-0.28643546,0.571533683,13,0.014235324,11715.1379,0.284926633,4.282226274,0.028048926,-0.46982938,-0.35240194,0.7933382,-0.70543355,0.537089886,2
123.54228,0.1605,0.0755,0.0231,0.0611,0.042,0.0916,0.274,0.3425,0.34,0.3726,-0.28394625,0.525110139,13,0.01464081,13046.91766,0.607386058,4.260221601,0.047619117,-0.44855598,-0.35864136,0.7801047,-0.69533783,0.506802726,2
0,0.1725,0.0855,0.0265,0.0636,0.0462,0.0995,0.2738,0.3428,0.3464,0.3739,-0.26064909,0.526722101,12,0.013662525,4915.269841,0.634346898,4.313170344,0.037790039,-0.4612452,-0.335132,0.76464593,-0.6897561,0.504481283,2
296.43723,0.1775,0.0912,0.025,0.0688,0.0536,0.1058,0.2778,0.3414,0.3428,0.3771,-0.2282518,0.489538894,16,0.01377866,6114.953373,0.355372301,4.305606238,0.009952491,-0.44133168,-0.31770134,0.7295661,-0.66569483,0.483935737,2
270,0.1666,0.0827,0.0251,0.0628,0.0463,0.0997,0.2692,0.3342,0.3264,0.3647,-0.24557053,0.494544311,16,0.013276723,7780.272817,0.468363555,4.332424433,0.022918778,-0.45248476,-0.32413793,0.7515428,-0.67728674,0.48143693,2
270,0.1798,0.0868,0.0196,0.0631,0.0435,0.1011,0.3006,0.3733,0.372,0.4029,-0.27370304,0.55265816,11,0.013520802,10262.75694,0.636771739,4.321422096,0.021586174,-0.4804446,-0.3483146,0.7906137,-0.70995176,0.538230487,2
341.46863,0.1891,0.0979,0.0253,0.0668,0.0495,0.107,0.2873,0.3535,0.3532,0.3885,-0.22670555,0.519873997,11,0.013540486,5900.750992,0.433524687,4.318671512,0.029133296,-0.47792107,-0.30260003,0.7541594,-0.68190473,0.504652697,2
225.16028,0.192,0.0998,0.0229,0.0648,0.0468,0.1036,0.2625,0.3082,0.309,0.3479,-0.16313297,0.462254489,14,0.013205861,51148.25595,0.648864347,4.336550309,0.01458685,-0.4953271,-0.2335329,0.73693085,-0.6532905,0.459569978,2
0,0.1697,0.0788,0.0306,0.062,0.045,0.0987,0.2651,0.3312,0.332,0.3655,-0.2561926,0.522768645,12,0.014062106,9394.56746,0.438039853,4.289102734,0.019901598,-0.4648252,-0.3235001,0.7612732,-0.6852792,0.490877975,2
256.03894,0.1792,0.0934,0.028,0.0616,0.0529,0.1078,0.2638,0.3175,0.3208,0.355,-0.20089519,0.468946932,13,0.01310941,17311.17262,0.468036951,4.341363831,0.009406956,-0.4883721,-0.28320003,0.7168852,-0.67782426,0.459940487,2
225.15994,0.1733,0.0832,0.0285,0.0616,0.0429,0.1017,0.2886,0.3602,0.362,0.3897,-0.28729188,0.567531021,14,0.014113284,3340.005952,0.409236114,4.287727442,0.034529521,-0.4755215,-0.3525126,0.78809583,-0.70915955,0.528953464,2
0,0.1543,0.0826,0.0251,0.0654,0.0488,0.1053,0.2588,0.2995,0.31,0.3248,-0.24526198,0.461630915,10,0.012896825,60240.56052,0.394450009,4.353741459,0.003471742,-0.40464273,-0.3353435,0.72798216,-0.6515717,0.456217984,2
326.1622,0.1593,0.0881,0.0253,0.0658,0.0482,0.1076,0.2493,0.2931,0.2818,0.3074,-0.1935484,0.422805432,14,0.01377866,60450.7619,0.549728032,4.305606238,0.02055213,-0.4153709,-0.27771482,0.70787877,-0.6214039,0.422168677,2
11.371552,0.1515,0.079,0.0255,0.0616,0.0455,0.1008,0.2635,0.3168,0.2976,0.3257,-0.24245337,0.456918118,15,0.012967687,76241.42262,0.431626867,4.349615583,0.008993092,-0.42186767,-0.3253173,0.7347712,-0.6570156,0.44852331,2
0,0.1714,0.0828,0.0264,0.0641,0.0487,0.1027,0.2657,0.3278,0.3312,0.3709,-0.23801282,0.495474955,13,0.014325869,8708.958333,0.31730931,4.280486993,0.018281436,-0.45562634,-0.3179467,0.74361676,-0.67568934,0.481588819,2
180,0.168,0.0787,0.0227,0.0558,0.0417,0.0975,0.2754,0.3393,0.3428,0.3718,-0.2708623,0.529080987,10,0.013180272,23593.20734,0.400946419,4.337237955,0.025725296,-0.5013405,-0.3422083,0.78309494,-0.72002006,0.510627459,2
180,0.1585,0.0767,0.0201,0.0548,0.0428,0.0968,0.2735,0.3413,0.3368,0.3676,-0.27875313,0.509408466,13,0.01377866,8062.270833,0.154145573,4.305606238,0.036697451,-0.48616973,-0.35998386,0.7744995,-0.7201226,0.501364263,2
0,0.17,0.0815,0.0272,0.0566,0.0452,0.0998,0.2739,0.3253,0.3224,0.3621,-0.23796034,0.498704664,15,0.013205861,19657.44841,0.346965883,4.336550309,0.017401353,-0.5004413,-0.30950448,0.75408053,-0.7013193,0.479253113,2
45.15952,0.1738,0.0801,0.0259,0.0598,0.041,0.1011,0.2739,0.3346,0.3372,0.3709,-0.25661877,0.53313652,19,0.013758976,10032.70238,0.391803988,4.308356822,0.028003571,-0.4880137,-0.31976512,0.7831835,-0.69874054,0.505921184,2
206.6927,0.1833,0.0922,0.0306,0.071,0.0516,0.1093,0.2784,0.3429,0.344,0.3692,-0.22920427,0.51330666,17,0.013900699,11320.33433,0.444852733,4.30010507,0.025487694,-0.4416044,-0.3047601,0.73913044,-0.6578313,0.489727566,2
243.56209,0.1765,0.0854,0.0288,0.0668,0.0508,0.11,0.2922,0.3525,0.3524,0.3882,-0.25291702,0.52317514,19,0.014345553,4323.537698,0.360974832,4.272599229,0.023395528,-0.4508837,-0.33257708,0.7480159,-0.6812977,0.500885746,2
296.4378,0.1731,0.0839,0.0284,0.0636,0.0522,0.1053,0.2744,0.3305,0.3372,0.3678,-0.23743442,0.495686635,14,0.014351458,3886.8125,0.579326777,4.279799347,0.016454939,-0.46261087,-0.32157555,0.7318952,-0.6826347,0.480661102,2
243.56212,0.1422,0.0712,0.0294,0.0618,0.053,0.0846,0.2166,0.2758,0.2852,0.288,-0.23420951,0.419830769,16,0.013926288,90790.9871,0.693471698,4.299417424,0.038610712,-0.39411762,-0.3345812,0.686576,-0.643804,0.415533287,2
45.159286,0.1536,0.0773,0.0288,0.0597,0.0475,0.1002,0.2647,0.33,0.31,0.3421,-0.25504723,0.475888329,13,0.013514897,52780.76587,0.830607424,4.319359158,0.014488139,-0.44022503,-0.3373598,0.73426574,-0.67703545,0.459183678,2
270,0.1785,0.0863,0.0256,0.0626,0.0474,0.1042,0.2888,0.3546,0.3432,0.394,-0.24028923,0.515115621,12,0.013682209,6489.128968,0.335011262,4.31041976,0.028343061,-0.48071337,-0.31569868,0.75729644,-0.6914736,0.498203453,2
198.53065,0.1814,0.0877,0.0307,0.068,0.053,0.1103,0.2792,0.3469,0.352,0.3853,-0.24031761,0.519187359,17,0.013926288,21862.92163,0.561107142,4.299417424,0.031865495,-0.45469123,-0.319835,0.7382716,-0.67619044,0.49558011,2
134.84102,0.185,0.0942,0.0344,0.0694,0.0558,0.1161,0.2676,0.3299,0.3404,0.3674,-0.21767382,0.502046313,15,0.01399715,7250.003968,0.409138435,4.295291548,0.038045417,-0.45440254,-0.29577467,0.71832407,-0.6612982,0.476344581,2
0,0.1849,0.0928,0.0322,0.0678,0.0534,0.1048,0.2673,0.3283,0.3372,0.3674,-0.21573143,0.501023927,17,0.014087695,3767.204365,0.363138096,4.288415088,0.011804099,-0.46339533,-0.29170656,0.7265745,-0.66518515,0.477992352,2
270,0.1249,0.0608,0.0318,0.0614,0.0436,0.089,0.2326,0.2849,0.25,0.299,-0.25161004,0.405309876,13,0.013257039,131462.1508,0.755888696,4.335175017,0.014384111,-0.3408481,-0.333689,0.70299727,-0.6056519,0.390120967,2
194.11122,0.1624,0.0802,0.0271,0.0634,0.0454,0.1077,0.27,0.3274,0.3328,0.3584,-0.26792318,0.512500444,15,0.01323145,10741.12401,0.243349879,4.335862663,0.016347672,-0.43844113,-0.34410337,0.7599154,-0.6799596,0.490890456,2
194.11119,0.139,0.0754,0.0322,0.0558,0.0434,0.0893,0.2241,0.2753,0.2244,0.285,-0.1690205,0.363950774,11,0.014022739,74236.70337,0.534325172,4.294603902,0.032407549,-0.42710474,-0.23500276,0.6758775,-0.60171306,0.353607707,2
180,0.1684,0.0805,0.0239,0.059,0.0453,0.0967,0.2657,0.3257,0.3232,0.3636,-0.23787443,0.490729281,9,0.014158557,4782.493056,0.545859361,4.284289212,0.027218913,-0.4810906,-0.31489012,0.7541384,-0.6912611,0.479965444,2
296.4388,0.195,0.0983,0.0304,0.0636,0.0449,0.1067,0.2637,0.3208,0.324,0.3533,-0.19266365,0.511022413,15,0.014524676,11578.25595,0.31369913,4.273779084,0.04620246,-0.5081206,-0.24855493,0.7565736,-0.6718266,0.48181609,2
180,0.176,0.0907,0.0291,0.0639,0.0453,0.1016,0.2575,0.2993,0.3028,0.3371,-0.1999277,0.474619387,17,0.014345553,7183.337302,0.284251115,4.289102734,0.051170744,-0.46727803,-0.26482874,0.73972994,-0.6514862,0.455429785,2
108.34013,0.1687,0.0853,0.0205,0.0516,0.0365,0.0894,0.2742,0.333,0.3196,0.362,-0.24738675,0.511066164,17,0.014164462,17560.47817,0.724300033,4.28635215,0.045161711,-0.53154784,-0.30903134,0.7950014,-0.7219827,0.496028486,2
243.56142,0.1723,0.0843,0.0209,0.0522,0.0472,0.0921,0.2437,0.302,0.2876,0.3318,-0.16856062,0.425020341,16,0.013180272,4403.121032,0.729529268,4.337237955,0.016930011,-0.5349666,-0.2507067,0.71804065,-0.69276047,0.43195976,2
0,0.1747,0.0887,0.0225,0.0584,0.0446,0.1006,0.2636,0.3271,0.3264,0.3523,-0.2280887,0.494299269,16,0.013520802,24093.99802,0.780498138,4.321422096,0.010278228,-0.4989275,-0.302734,0.75956875,-0.6964657,0.485304265,2
333.30786,0.1664,0.0803,0.0268,0.0606,0.0485,0.0994,0.2437,0.3039,0.291,0.3294,-0.1931669,0.438993489,16,0.013180272,29638.15278,0.45782454,4.337237955,0.017469628,-0.4660793,-0.2724093,0.71428573,-0.6552901,0.433293635,2
0,0.1692,0.0784,0.022,0.0523,0.0401,0.0915,0.287,0.351,0.3648,0.3896,-0.29776883,0.563558738,9,0.01387511,18162.14286,0.430750836,4.300792716,0.02687488,-0.5277653,-0.36629215,0.8019264,-0.74922085,0.538236274,2
26.692245,0.1592,0.078,0.0207,0.0522,0.0412,0.0791,0.0975,0.1043,0.1096,0.1213,0.21197459,0.142316173,20,0.014325869,1677.041667,0.358600261,4.283601566,0.055534535,-0.5061495,0.1845238,0.4535809,-0.35475895,0.157652119,2
0,0.1671,0.0775,0.0159,0.054,0.0436,0.0987,0.2805,0.3361,0.3356,0.3708,-0.25044468,0.493927385,25,0.013444035,297476.7708,0.81303912,4.323485034,0.009071274,-0.5115332,-0.33518997,0.7700422,-0.72279257,0.49818015,2
134.84132,0.0998,0.0673,0.0106,0.0326,0.0367,0.0643,0.1014,0.1168,0.1052,0.1279,0.082045175,0.137450841,26,0.013611347,4308.546627,0.520018534,4.314545636,0.018221392,-0.50755286,-0.026341474,0.48273432,-0.5268505,0.160071665,2
180,0.1614,0.078,0.0151,0.0437,0.0312,0.0854,0.2209,0.2846,0.2858,0.297,-0.21945289,0.468100773,30,0.013160588,13567.22321,0.763052185,4.339988539,0.024142453,-0.5738664,-0.27817532,0.8031546,-0.7347496,0.467441875,2
270,0.1746,0.0868,0.0222,0.054,0.0404,0.0985,0.274,0.3396,0.3412,0.3589,-0.25656983,0.530661206,23,0.013180272,36419.30853,0.767644616,4.337237955,0.002868511,-0.52755904,-0.3229934,0.78826,-0.72672063,0.51179673,2
180,0.1584,0.0674,0.0213,0.0572,0.0357,0.0915,0.2786,0.3565,0.3552,0.3909,-0.3196635,0.566629999,27,0.014654589,7249.884921,0.61238261,4.268797011,0.036109502,-0.46938777,-0.38317758,0.8173446,-0.7225994,0.537939153,2
0,0.1508,0.069,0.0197,0.0504,0.0302,0.0919,0.2691,0.3294,0.322,0.3578,-0.3074421,0.538197639,26,0.01430028,8974.78869,0.4324562,4.284289212,0.050154145,-0.49900597,-0.36209813,0.8285065,-0.7293233,0.513611823,2
270,0.157,0.0674,0.0227,0.0557,0.0312,0.0879,0.2616,0.3035,0.258,0.3006,-0.19727017,0.444723305,26,0.013134999,87376.08135,0.443468485,4.340676185,0.009341822,-0.47625765,-0.24337345,0.7842324,-0.64488363,0.431069421,2
314.84207,0.1487,0.0714,0.022,0.0544,0.0317,0.0917,0.2494,0.3118,0.3032,0.3415,-0.28639242,0.510953035,24,0.014119189,6799.450397,0.440032248,4.299417424,0.043854087,-0.46430328,-0.3418898,0.81068975,-0.69574946,0.487782975,2
206.6916,0.1626,0.0737,0.0218,0.0534,0.0355,0.0913,0.2587,0.3243,0.3296,0.3489,-0.2789809,0.533137558,25,0.014969529,12523.43056,0.80295282,4.248531619,0.039281754,-0.50555557,-0.339293,0.80553275,-0.72114885,0.509941052,2
270,0.158,0.0733,0.0197,0.0555,0.0322,0.0971,0.2736,0.3318,0.3484,0.3698,-0.31864586,0.567134187,25,0.013707798,10254.99206,0.652987138,4.309732114,0.052544009,-0.4800937,-0.37598735,0.8307935,-0.7251795,0.538610032,2
341.4701,0.1737,0.0826,0.0212,0.0564,0.0308,0.0936,0.2688,0.3309,0.3324,0.3627,-0.2671564,0.555146508,27,0.014544359,7965.571429,0.487077124,4.265035123,0.040687183,-0.5097784,-0.31357437,0.8303965,-0.70987654,0.524096379,2
45.157936,0.1702,0.0776,0.0228,0.0547,0.0319,0.0955,0.2912,0.3588,0.3412,0.3886,-0.28599185,0.567898055,28,0.014853395,6115.140873,0.390689591,4.25383735,0.05443472,-0.5135616,-0.3343762,0.8290003,-0.7236676,0.531382424,2
314.8406,0.1544,0.0715,0.0131,0.052,0.032,0.0874,0.2749,0.3409,0.3288,0.3654,-0.2943403,0.521598522,19,0.013302312,40815.7381,0.809376211,4.331736787,0.021257861,-0.49612403,-0.36092713,0.8226164,-0.72689074,0.517193297,2
45.15943,0.1695,0.08,0.0197,0.0495,0.0329,0.0954,0.2802,0.3395,0.3444,0.3656,-0.2854369,0.558624129,26,0.014306185,11224.74802,0.179087347,4.278100398,0.035819793,-0.5479452,-0.3403386,0.82560295,-0.7486672,0.532600006,2
134.84062,0.1589,0.0715,0.0154,0.0465,0.0308,0.0964,0.253,0.3231,0.3236,0.3453,-0.28239077,0.525522284,20,0.013727482,17405.09623,0.560846082,4.30698153,0.034331455,-0.5472249,-0.34134716,0.8261851,-0.74871653,0.514044938,2
0,0.1606,0.0742,0.017,0.0542,0.032,0.0883,0.2728,0.3403,0.3352,0.3568,-0.29295152,0.54154463,27,0.014428225,3906.425595,0.227598077,4.278592606,0.029362825,-0.49534452,-0.35215813,0.82570803,-0.721623,0.524446504,2
153.30737,0.1603,0.0759,0.0208,0.0561,0.0309,0.0869,0.2765,0.3484,0.3364,0.3739,-0.30269876,0.55919608,27,0.014209735,5458.696429,0.249540018,4.28291392,0.015228326,-0.4815157,-0.35453996,0.83174515,-0.7141401,0.528363891,2
71.660286,0.1592,0.0744,0.023,0.0527,0.0345,0.0873,0.2792,0.3491,0.3488,0.375,-0.31494254,0.568025744,19,0.013585758,4439.628968,0.392520865,4.315233282,0.046666242,-0.50259554,-0.37322837,0.8199844,-0.73748446,0.533737128,2
0,0.1651,0.0768,0.0141,0.057,0.0371,0.0934,0.2675,0.3375,0.346,0.3699,-0.28081095,0.527907839,23,0.014955751,3137.805556,0.24797334,4.254720433,0.057930976,-0.48671767,-0.35394248,0.8063169,-0.7171216,0.524685754,2
116.43807,0.1539,0.0679,0.0152,0.0513,0.0319,0.0849,0.2767,0.3451,0.3492,0.3732,-0.32460925,0.556042354,23,0.013753071,3546.19246,0.386483916,4.306293884,0.02404851,-0.5,-0.38819322,0.83258986,-0.74382025,0.540177063,2
213.83698,0.1553,0.0716,0.0219,0.051,0.0389,0.0887,0.2531,0.3254,0.3268,0.3525,-0.28458276,0.515598684,26,0.016932004,1610.02381,0.470419025,4.144697071,0.087177671,-0.5055744,-0.3557353,0.7872573,-0.7300159,0.498844854,2
180,0.1735,0.0844,0.0219,0.0554,0.0398,0.103,0.2772,0.3394,0.344,0.3735,-0.26346686,0.536110836,23,0.014022739,124695.6389,0.708285702,4.304230946,0.036719763,-0.51594585,-0.3294686,0.79260033,-0.7225839,0.516293293,2
142.97751,0.1688,0.0782,0.0166,0.061,0.0405,0.1001,0.2789,0.3427,0.3332,0.3735,-0.25129676,0.50406421,24,0.0140936,3909.070437,0.669699896,4.290478026,0.031826554,-0.46910354,-0.32749006,0.7832486,-0.6905124,0.502518035,2
134.84116,0.164,0.0801,0.0168,0.0531,0.0399,0.0917,0.2626,0.3273,0.3264,0.3431,-0.25461525,0.497464936,27,0.013038549,26511.67063,0.852674371,4.345489707,0.01400418,-0.5108245,-0.33115825,0.7821458,-0.7201581,0.496075274,2
45.158726,0.167,0.0796,0.0248,0.064,0.0461,0.1021,0.2676,0.3235,0.32,0.3565,-0.23606381,0.485431716,15,0.013566075,6054.550595,0.527627306,4.317983866,0.016801955,-0.44588742,-0.3141684,0.74815625,-0.6666666,0.474367843,2
26.692257,0.1659,0.083,0.0328,0.0659,0.045,0.0998,0.2619,0.3249,0.336,0.3551,-0.27238223,0.534926457,18,0.013991245,13552.55258,0.48161529,4.29322861,0.025004398,-0.4314064,-0.3389121,0.7637795,-0.67205775,0.495459696,2
161.46973,0.1415,0.0751,0.0256,0.0582,0.0394,0.0798,0.2263,0.2792,0.2608,0.3,-0.22576505,0.424072943,13,0.01310941,5735.100198,0.567132061,4.341363831,0.010450923,-0.41712567,-0.29654488,0.73750836,-0.6351097,0.41502125,2
76.03817,0.1323,0.0701,0.0269,0.054,0.0394,0.0752,0.2108,0.2636,0.2574,0.2779,-0.24692982,0.421810313,17,0.014286502,10247.75992,0.735188965,4.280850982,0.054823395,-0.42028984,-0.32101616,0.73450136,-0.65317917,0.410391574,2
45.158318,0.1682,0.0782,0.0242,0.0514,0.0438,0.0871,0.2602,0.326,0.3352,0.357,-0.2579629,0.514295815,20,0.013064138,10979.58234,0.231999271,4.344802061,0.015355299,-0.53187615,-0.33174416,0.76886547,-0.7340921,0.497269638,2
251.65974,0.1552,0.0811,0.0258,0.057,0.0448,0.0937,0.2143,0.2682,0.261,0.2866,-0.17830732,0.404475062,21,0.013489308,20066.22123,0.419061047,4.320046804,0.01594901,-0.46277097,-0.25420472,0.70699805,-0.6415094,0.402457199,2
0,0.1547,0.0842,0.0328,0.0574,0.0488,0.0883,0.1874,0.2328,0.2208,0.2556,-0.10960403,0.339223729,23,0.012896825,192125.5744,0.373067101,4.353741459,0.004534427,-0.45874587,-0.17603196,0.6379822,-0.5873472,0.335239084,2
63.563374,0.1773,0.0872,0.0248,0.0632,0.0508,0.1015,0.2782,0.3439,0.3408,0.3734,-0.23159842,0.496711415,10,0.013829837,15948.71726,0.615903751,4.31385799,0.024746802,-0.4744283,-0.3155761,0.7405516,-0.6871287,0.487886932,2
56.458138,0.1631,0.0768,0.0194,0.0633,0.0428,0.0946,0.2941,0.3704,0.374,0.4065,-0.31286502,0.55746315,14,0.014331774,7626.77877,0.211505972,4.277412752,0.049215777,-0.44081274,-0.3926643,0.7946257,-0.71049625,0.541884826,2
45.16064,0.18,0.0947,0.0423,0.0718,0.0582,0.1071,0.2539,0.309,0.3062,0.3357,-0.18800066,0.463326226,11,0.013707798,10227.77282,0.525572824,4.309732114,0.015888652,-0.42970613,-0.25956395,0.6805708,-0.6201058,0.43035631,2
225.16054,0.1657,0.0818,0.0365,0.0666,0.0536,0.1038,0.2721,0.3293,0.3212,0.3555,-0.23986137,0.488660044,15,0.013688114,4734.467262,0.365526434,4.312482698,0.034905632,-0.42660353,-0.31936744,0.7139808,-0.656524,0.458847756,2
243.56311,0.1596,0.0738,0.0266,0.0608,0.0464,0.0977,0.2731,0.3394,0.3192,0.3627,-0.25335267,0.487804892,15,0.013662525,7863.433532,0.37740424,4.313170344,0.048802591,-0.44827586,-0.33333334,0.7461707,-0.68,0.472735687,2
90,0.172,0.0843,0.0304,0.0584,0.0492,0.099,0.1963,0.2476,0.2236,0.2616,-0.069023564,0.33777503,19,0.012896825,72147.1002,0.556104298,4.353741459,0.002055983,-0.49305555,-0.13043477,0.6392962,-0.5858156,0.338509321,2
0,0.1765,0.0937,0.034,0.0616,0.051,0.1004,0.2232,0.2723,0.2702,0.2964,-0.14425433,0.414774478,10,0.013398762,150383.5417,0.827646584,4.326923264,0.015192063,-0.48257032,-0.20976052,0.6824409,-0.628692,0.400389695,2
270,0.1585,0.0768,0.0246,0.0629,0.0474,0.097,0.2577,0.3214,0.2396,0.3495,-0.124016166,0.358715937,12,0.012896825,86776.38988,0.662111066,4.353741459,0.001325734,-0.43179765,-0.20371766,0.6696864,-0.58413225,0.366327828,2
270,0.1702,0.0827,0.0251,0.0584,0.0428,0.1014,0.2495,0.299,0.293,0.3354,-0.19789118,0.459402899,16,0.013444035,37611.73016,0.637224847,4.323485034,0.033080573,-0.48906386,-0.26511228,0.7450864,-0.66761523,0.44903088,2
296.43677,0.1762,0.0932,0.0202,0.0664,0.0527,0.1062,0.2571,0.3187,0.3168,0.3442,-0.19102314,0.445663169,16,0.014487276,9906.425595,0.401181174,4.272599229,0.034746309,-0.45259687,-0.2851927,0.71474963,-0.6534447,0.455606665,2
146.16179,0.1637,0.0749,0.0239,0.059,0.0433,0.0914,0.2845,0.3577,0.3568,0.391,-0.29555896,0.545274281,29,0.012967687,15692.63294,0.468155067,4.349615583,0.008536416,-0.4701392,-0.3709894,0.78355414,-0.7162097,0.522441942,2
270,0.1599,0.0729,0.0251,0.0596,0.0405,0.0884,0.2693,0.3292,0.3408,0.356,-0.29224792,0.537959926,30,0.013520802,8109.03869,0.368039281,4.321422096,0.023869216,-0.4569476,-0.36129418,0.7875688,-0.7022977,0.511119922,2
146.16202,0.1684,0.0778,0.0205,0.0517,0.0376,0.0937,0.2874,0.3765,0.3664,0.4067,-0.30511048,0.571527907,34,0.013321995,13858.68056,0.360353175,4.328986202,0.027675339,-0.53021353,-0.37023187,0.81386137,-0.75269073,0.545575226,2
63.56273,0.1703,0.0815,0.0284,0.0579,0.0454,0.0976,0.2415,0.3116,0.3062,0.336,-0.21606395,0.477445804,39,0.012896825,9581.600198,0.47587171,4.353741459,0.003435892,-0.4925504,-0.2852046,0.74175197,-0.6819555,0.459370591,2
63.562668,0.1159,0.0739,0.0207,0.0408,0.0312,0.0655,0.1723,0.2165,0.2666,0.23,-0.32274404,0.453197822,42,0.012993276,88943.01984,0.790430407,4.348927937,0.007382572,-0.47925973,-0.39398694,0.7904634,-0.7345478,0.442592147,2
90,0.1463,0.0783,0.022,0.0511,0.0419,0.0878,0.207,0.2716,0.2618,0.2868,-0.20254235,0.407765891,40,0.013469624,11700.52083,0.347751607,4.322797388,0.01437733,-0.4822695,-0.28301886,0.7240698,-0.67337805,0.410414318,2
108.33898,0.0864,0.051,0.0239,0.0479,0.0361,0.0674,0.1397,0.167,0.1634,0.1758,-0.20916718,0.265042671,36,0.01310941,3062.977183,0.677950383,4.341363831,0.019391215,-0.28667167,-0.30824658,0.6380952,-0.5466162,0.27298069,2
270,0.1119,0.0656,0.0304,0.0578,0.0453,0.0796,0.1674,0.2083,0.2118,0.2198,-0.21281922,0.331514807,44,0.013662525,37186.58433,0.73455874,4.313170344,0.036874359,-0.3187979,-0.30861908,0.6476079,-0.57121664,0.329877155,2
198.53131,0.159,0.0743,0.0193,0.0578,0.0417,0.0906,0.2676,0.3462,0.3452,0.3697,-0.28980893,0.523041393,24,0.013134999,9880.188492,0.52215347,4.340676185,0.021845789,-0.46678966,-0.36929792,0.7844404,-0.7131514,0.513304768,2
314.8398,0.1642,0.0793,0.027,0.0592,0.0435,0.0959,0.2678,0.3414,0.336,0.364,-0.27212197,0.524381499,27,0.014615221,11974.09028,0.458992026,4.269160999,0.057568409,-0.47000894,-0.34346262,0.770751,-0.7004049,0.498862988,2
101.248505,0.1541,0.0743,0.024,0.0502,0.0408,0.0883,0.2667,0.3399,0.3272,0.3212,-0.2862113,0.514367804,26,0.013707798,59143.38988,0.583561142,4.309732114,0.025807549,-0.50856584,-0.35965094,0.7782609,-0.7339693,0.494930867,2
180,0.1163,0.0644,0.0184,0.0438,0.0372,0.0806,0.1842,0.2101,0.2038,0.2205,-0.18285865,0.323118685,30,0.013829837,37339.74901,0.790042171,4.304230946,0.040592062,-0.45284197,-0.27335206,0.6912863,-0.6462035,0.337246952,2
108.339195,0.1689,0.0783,0.0186,0.0483,0.0398,0.0929,0.2895,0.3813,0.3732,0.4057,-0.30491257,0.566044144,32,0.015213609,11844.52579,0.699918635,4.237529283,0.039231782,-0.5552486,-0.37686774,0.8072639,-0.7708185,0.547754656,2
225.1599,0.1683,0.0756,0.021,0.0568,0.041,0.0918,0.2696,0.3494,0.3364,0.3743,-0.26133755,0.518281983,29,0.012967687,18198.48413,0.533707699,4.349615583,0.008514218,-0.4953354,-0.33306915,0.7827239,-0.7110885,0.505014816,2
90,0.1725,0.0866,0.023,0.0592,0.0395,0.0927,0.2646,0.3418,0.3392,0.3692,-0.2615813,0.533767878,29,0.013180272,13878.81151,0.463681102,4.337237955,0.026858258,-0.4889944,-0.32577682,0.7913916,-0.70281124,0.511608042,2
90,0.1573,0.0756,0.0249,0.0586,0.0405,0.0918,0.2418,0.2761,0.3392,0.2866,-0.29596013,0.535132023,24,0.013758976,47704.54365,0.511011258,4.314350199,0.016636277,-0.45715606,-0.36636454,0.78667367,-0.7053796,0.509321348,2
45.160122,0.1594,0.0778,0.0218,0.058,0.0425,0.091,0.2733,0.3513,0.3484,0.3727,-0.29417932,0.531113266,25,0.013546391,9705.076389,0.681777482,4.32073445,0.022237549,-0.46642137,-0.37219378,0.7825531,-0.71456695,0.515040965,2
168.62817,0.1788,0.0878,0.0232,0.0666,0.0487,0.1041,0.279,0.3384,0.3436,0.3767,-0.2343934,0.504343961,18,0.013727482,5632.265873,0.418432631,4.30698153,0.011722967,-0.45721272,-0.3154671,0.7517206,-0.67528033,0.495741346,2
0,0.1708,0.0878,0.02,0.065,0.0481,0.1024,0.2743,0.3355,0.3364,0.3611,-0.23900574,0.488644076,15,0.013688114,12367.37202,0.56367181,4.312482698,0.037392485,-0.44868535,-0.32649842,0.749805,-0.6761336,0.4889203,2
165.88728,0.1708,0.0969,0.0376,0.0745,0.0455,0.1089,0.1817,0.201,0.1824,0.229,-0.00848041,0.291673777,6,0.013089727,13362.08631,0.716780565,4.344114415,0.018568304,-0.3925805,-0.032842588,0.60070205,-0.4200078,0.282112935,2
270,0.1695,0.1016,0.0332,0.0684,0.0484,0.1193,0.2031,0.2198,0.1882,0.2432,-0.007967228,0.284238771,7,0.01310941,37008.92956,0.58222998,4.341363831,0.021151439,-0.42496845,-0.052278455,0.5908707,-0.46687448,0.284686393,2
341.46744,0.1872,0.111,0.0251,0.073,0.0538,0.1191,0.2198,0.2498,0.2526,0.2808,-0.07075384,0.358288594,8,0.013257039,58226.25198,0.321081269,4.335175017,0.015220746,-0.43889314,-0.14870399,0.64882505,-0.55159706,0.369791683,2
188.17567,0.1771,0.097,0.04,0.0734,0.0514,0.1149,0.1945,0.2274,0.2298,0.2535,-0.08288179,0.360200296,8,0.01323145,63702.05159,-0.169173525,4.335862663,0.013011551,-0.41397208,-0.12951584,0.6344239,-0.5158312,0.342549928,2
198.53253,0.184,0.115,0.0313,0.0706,0.045,0.1127,0.1754,0.1876,0.1838,0.1944,0.031299267,0.284647871,8,0.013843616,9028.026786,0.42561966,4.307669176,0.037879265,-0.44540453,5.44E-04,0.6066433,-0.44496852,0.285675073,2
213.83989,0.204,0.1124,0.0398,0.0717,0.0462,0.1093,0.1699,0.1798,0.183,0.1977,0.057928115,0.29439614,9,0.013180272,27466.51091,0.785918271,4.337237955,0.003859002,-0.47986943,0.054263562,0.5968586,-0.4369847,0.281404276,2
134.8379,0.2036,0.1099,0.0246,0.075,0.045,0.1055,0.1751,0.1912,0.186,0.2115,0.082752615,0.277231617,8,0.012896825,7750.634921,0.732450179,4.353741459,0.005060446,-0.4615937,0.045174535,0.6103896,-0.42528734,0.289329688,2
90,0.2006,0.1215,0.0332,0.0705,0.0545,0.1078,0.1599,0.1848,0.1606,0.2015,0.136556,0.214153092,8,0.013373173,42315.32837,0.492664476,4.32761091,0.016305287,-0.4798967,0.11074194,0.49325898,-0.38987452,0.222556301,2
45.162163,0.2073,0.1126,0.0379,0.0692,0.0508,0.1096,0.2114,0.231,0.2298,0.2493,-0.018257882,0.357899793,10,0.015085664,12498.21925,0.579258827,4.249219265,0.050104042,-0.4994575,-0.051475618,0.6379188,-0.53712374,0.343966182,2
270,0.194,0.1078,0.0388,0.0695,0.0523,0.1033,0.1942,0.2266,0.22,0.2431,-0.024747565,0.337343101,8,0.013134999,16093.07341,0.685521257,4.340676185,0.021429637,-0.47248578,-0.06280191,0.6158649,-0.5198618,0.325715397,2
0,0.1918,0.1023,0.0356,0.0656,0.0506,0.1045,0.1582,0.1741,0.173,0.1888,0.074944586,0.252976177,7,0.013257039,3436.712302,0.626301087,4.335175017,0.025832171,-0.49028748,0.051535103,0.5474061,-0.45012572,0.253731332,2
90,0.1637,0.0942,0.0201,0.0628,0.0445,0.098,0.2263,0.265,0.2534,0.286,-0.13556154,0.381301785,9,0.012967687,21932.57937,0.231752908,4.349615583,0.011713031,-0.44547462,-0.21505634,0.701242,-0.6027831,0.392718381,2
270,0.1384,0.0867,0.0324,0.0642,0.0424,0.0888,0.1261,0.1411,0.1232,0.148,0.07491083,0.178036316,7,0.012896825,61648.49405,0.553969666,4.353741459,0.002031136,-0.36623892,0.05810399,0.48792273,-0.3148346,0.182091348,2
0,0.2112,0.1135,0.0366,0.0722,0.0419,0.1114,0.2207,0.2378,0.2624,0.2684,-0.08313712,0.444807552,8,0.012896825,34629.32639,0.61406898,4.353741459,0.001136837,-0.49047282,-0.10810811,0.72461385,-0.5684399,0.411227152,2
314.8381,0.1698,0.0942,0.0388,0.0742,0.0437,0.1053,0.1306,0.1488,0.15,0.1614,0.06139694,0.237022852,4,0.01310941,13947.70933,0.430802477,4.341363831,0.026904451,-0.3918033,0.061913673,0.5487868,-0.33809102,0.229854419,2
0,0.1913,0.1022,0.04,0.0764,0.0508,0.1166,0.1963,0.208,0.1988,0.2447,0.006862149,0.307411096,8,0.013327901,20689.43155,0.409920918,4.331049141,0.009842635,-0.42921183,-0.01922582,0.59294873,-0.44476745,0.296157948,2
0,0.1699,0.0961,0.0402,0.0722,0.0501,0.1047,0.2086,0.23,0.2374,0.2665,-0.11575562,0.378689845,13,0.013186177,28984.57143,0.284493963,4.339300893,0.008848479,-0.40355226,-0.1657255,0.6514783,-0.53359175,0.356761901,2
314.83768,0.1775,0.0916,0.0358,0.0667,0.0441,0.1084,0.2069,0.2253,0.232,0.2491,-0.0944013,0.382501405,11,0.012896825,27751.55258,0.495029387,4.353741459,0.002107549,-0.45372647,-0.13308914,0.6805505,-0.5533981,0.36316195,2
314.83777,0.151,0.0828,0.0335,0.0662,0.0429,0.101,0.1648,0.1979,0.182,0.1927,-0.05276015,0.292681896,10,0.013134999,57772.1746,0.370640883,4.340676185,0.022924621,-0.39042354,-0.093093105,0.61849713,-0.4665592,0.287832799,2
314.83774,0.1894,0.1003,0.0251,0.073,0.0508,0.1086,0.1838,0.1965,0.1932,0.2188,0.047764435,0.271807611,13,0.013089727,23462.05159,0.438324592,4.344114415,0.016648547,-0.44359758,-0.009932056,0.5836066,-0.4515402,0.287096787,2
116.4356,0.17,0.0972,0.0422,0.0719,0.0486,0.1072,0.1938,0.2078,0.1994,0.214,-0.049978253,0.320987641,10,0.013134999,8579.276786,0.684326336,4.340676185,0.028951337,-0.40553948,-0.079588495,0.60806453,-0.46995944,0.302406407,2
270,0.1772,0.1044,0.0359,0.0714,0.0508,0.1043,0.2106,0.2384,0.231,0.2487,-0.07860174,0.355690669,11,0.013302312,51218.74405,0.759593529,4.331736787,0.026262938,-0.42558327,-0.13179813,0.6394606,-0.5277778,0.345740609,2
45.16185,0.1919,0.1045,0.0395,0.0727,0.0495,0.1105,0.1823,0.2034,0.2096,0.2309,-0.015698275,0.330689478,8,0.013038549,10822.27679,0.701324875,4.345489707,0.011004805,-0.4504913,-0.044084687,0.6179081,-0.4849451,0.316361484,2
180,0.1492,0.097,0.0356,0.0674,0.0415,0.0904,0.1038,0.1114,0.1172,0.1237,0.1103348,0.172170678,9,0.012967687,38177.8254,0.61429096,4.349615583,0.014011256,-0.37765467,0.12012014,0.47700065,-0.26977247,0.172385009,2
134.83821,0.1297,0.1,0.0265,0.0702,0.0426,0.1024,0.1324,0.1456,0.1066,0.1743,0.12835626,0.137522032,9,0.012967687,10355.20536,0.584186643,4.349615583,0.009166398,-0.29764882,0.0977571,0.42895445,-0.20588234,0.147874314,2
180,0.1769,0.1047,0.0336,0.0714,0.0477,0.1054,0.1817,0.2124,0.2078,0.2496,-0.036051504,0.322262482,8,0.013392857,9471.375,0.392010871,4.329997506,0.015878493,-0.42488924,-0.08032233,0.6266145,-0.48853868,0.317868965,2
206.69473,0.1444,0.0931,0.039,0.0654,0.0406,0.0957,0.1225,0.1365,0.1358,0.1483,0.028349075,0.21897139,6,0.013205861,29583.31052,0.427712022,4.336550309,0.034639809,-0.37654912,0.03069235,0.5396825,-0.34990063,0.211117685,2
134.83858,0.2015,0.1113,0.0418,0.0796,0.055,0.1155,0.1926,0.2155,0.246,0.2691,-0.057505067,0.378217834,7,0.013257039,116953.5417,0.558594351,4.335175017,0.016511961,-0.4336535,-0.09944136,0.6345515,-0.51105654,0.357677913,2
314.83835,0.2219,0.1393,0.0532,0.0924,0.0844,0.1295,0.2222,0.2645,0.2842,0.3043,-0.048314452,0.358939374,10,0.013089727,108587.5853,0.567256113,4.344114415,0.003800766,-0.41202673,-0.123098224,0.542051,-0.5092937,0.345038013,2
26.694147,0.1794,0.1069,0.0402,0.0736,0.0535,0.1005,0.1892,0.2078,0.2048,0.2163,-0.025319098,0.308952041,5,0.014152652,4009.428571,0.596029896,4.290478026,0.036094392,-0.4181818,-0.06611139,0.58575296,-0.47126436,0.299287872,2
236.45837,0.1156,0.0677,0.0205,0.0753,0.0496,0.1107,0.1867,0.2108,0.2018,0.2067,-0.14735486,0.282762979,8,0.013038549,16614.87401,0.581825317,4.345489707,0.007205529,-0.21110527,-0.27158162,0.6054097,-0.4565139,0.303832848,2
45.161495,0.1334,0.0909,0.026,0.052,0.0416,0.0959,0.1538,0.1743,0.1866,0.1879,-0.097007245,0.292056075,10,0.01323145,30525.4881,0.449203629,4.335862663,0.015473437,-0.43905067,-0.16625002,0.6354075,-0.56412405,0.29868168,2
45.16132,0.1851,0.0979,0.0245,0.0696,0.0511,0.1134,0.2031,0.2172,0.217,0.2382,-0.011094803,0.309549561,9,0.012967687,16357.83036,0.78344657,4.349615583,0.010250655,-0.45347467,-0.07933347,0.6187989,-0.51430565,0.32398124,2
0,0.2194,0.1232,0.0423,0.0842,0.0654,0.1249,0.2211,0.2409,0.2312,0.2743,0.020240024,0.317296286,7,0.013038549,21279.2877,0.667507776,4.345489707,0.003416848,-0.44532278,-0.026187286,0.55900204,-0.4660748,0.312201857,2
206.69421,0.1745,0.0903,0.0356,0.0694,0.048,0.096,0.2252,0.2624,0.247,0.2795,-0.118986316,0.392350144,7,0.013089727,28860.44345,0.686503754,4.344114415,0.002267021,-0.43091434,-0.17200473,0.6745763,-0.5613148,0.375471689,2
270,0.1914,0.1185,0.0399,0.082,0.068,0.1253,0.1716,0.1988,0.2154,0.2155,0.007965831,0.278291717,7,0.013064138,48965.64087,0.627867826,4.344802061,0.016793316,-0.4001463,-0.058997024,0.5201129,-0.44855413,0.282231284,2
270,0.1664,0.0829,0.0247,0.0632,0.0438,0.099,0.2791,0.3403,0.3392,0.3794,-0.26772338,0.521263443,12,0.013636936,9943.382937,0.578335623,4.31385799,0.035194674,-0.44947737,-0.34177214,0.7712794,-0.6858847,0.501811993,2
108.338615,0.1675,0.0799,0.0266,0.0648,0.0479,0.1057,0.2836,0.3528,0.3576,0.3833,-0.28152102,0.535627819,5,0.013495213,9336.66369,0.795363521,4.322109742,0.019843552,-0.44210073,-0.36202627,0.76374847,-0.6931818,0.513031481,2
78.75176,0.1595,0.0768,0.0199,0.0607,0.0432,0.0935,0.2715,0.3318,0.3344,0.3678,-0.27217233,0.504032948,16,0.013855426,7068.520833,0.590513802,4.3035433,0.023385735,-0.44868302,-0.35412025,0.7711864,-0.692736,0.497721053,2
306.71573,0.1599,0.0814,0.0241,0.0632,0.0472,0.0981,0.247,0.2956,0.2942,0.3225,-0.21164829,0.442129379,13,0.013089727,19845.2004,0.429104452,4.344114415,0.001155625,-0.4334379,-0.29574984,0.7234915,-0.64633465,0.440337533,2
134.83942,0.1653,0.0797,0.0287,0.0622,0.0474,0.0984,0.2642,0.3271,0.33,0.3588,-0.2555128,0.504949446,17,0.013520802,9238.113095,0.622533333,4.321422096,0.023907095,-0.4531868,-0.33252576,0.7488076,-0.6828149,0.483131993,2
270,0.1624,0.0778,0.0316,0.0644,0.0487,0.0966,0.2709,0.3364,0.3472,0.3615,-0.28428546,0.532123503,20,0.013089727,24932.55258,0.51831953,4.344114415,0.002509886,-0.43209878,-0.36263734,0.75397825,-0.68707484,0.499776765,2
180,0.1752,0.0874,0.0304,0.0626,0.0422,0.0917,0.2158,0.2289,0.2194,0.2468,-0.069349326,0.355937661,7,0.01323145,77855.45833,0.706914857,4.335862663,0.016880166,-0.47350714,-0.11201217,0.67737,-0.55602837,0.349002108,2
45.161583,0.171,0.0893,0.033,0.065,0.0418,0.0928,0.2114,0.2261,0.2188,0.2349,-0.08394316,0.362081652,6,0.01323145,11080.53671,0.375191692,4.335862663,0.008406535,-0.44915256,-0.12262696,0.67920184,-0.5419309,0.349066517,2
116.43606,0.1816,0.0956,0.0314,0.0713,0.0483,0.1112,0.194,0.2013,0.1996,0.2114,-0.002386611,0.30165881,8,0.01310941,9902.065476,0.741309033,4.341363831,0.024233014,-0.43614078,-0.047219288,0.6103267,-0.4736065,0.303449649,2
333.3056,0.1636,0.0915,0.0349,0.0701,0.0417,0.1044,0.1972,0.2111,0.204,0.2481,-0.075641595,0.340265822,9,0.012993276,37578.32837,0.543316639,4.348927937,0.008305768,-0.40008557,-0.10990206,0.6605616,-0.48850784,0.326471761,2
134.83871,0.1422,0.0866,0.0378,0.0674,0.0515,0.1012,0.1618,0.1838,0.1762,0.193,-0.049791533,0.259424152,7,0.01310941,19990.94841,0.598565798,4.341363831,0.022156066,-0.3568702,-0.10678395,0.5476504,-0.44663382,0.257042741,2
45.161407,0.1554,0.0854,0.0386,0.0672,0.0443,0.0935,0.1467,0.1708,0.171,0.1843,-0.024187665,0.276082983,9,0.013089727,26648.77877,0.70845976,4.344114415,0.003704528,-0.3962264,-0.047794152,0.5884812,-0.43576828,0.26569272,2
0,0.1918,0.099,0.0348,0.0692,0.0448,0.1072,0.1861,0.2052,0.2184,0.2366,-0.033891395,0.353939008,8,0.012896825,11376.33234,0.658513967,4.353741459,0.004733053,-0.46973178,-0.064846426,0.6595745,-0.51877606,0.341194975,2
270,0.1669,0.0838,0.038,0.066,0.0433,0.1024,0.2217,0.2342,0.2166,0.2334,-0.095524974,0.363647812,6,0.013379078,50145.14087,0.377392536,4.329673848,0.025363945,-0.43323314,-0.12959585,0.66679496,-0.53290874,0.342084488,2
198.53253,0.1865,0.1002,0.0342,0.0706,0.0464,0.1083,0.2028,0.216,0.2036,0.2292,-0.010410045,0.320685447,9,0.012993276,43529.4881,0.739025247,4.348927937,0.012125187,-0.45079732,-0.04383493,0.62880003,-0.4850474,0.314400008,2
90,0.2195,0.1262,0.0363,0.0706,0.0429,0.1206,0.258,0.2683,0.2618,0.3158,-0.063693106,0.438870831,8,0.013160588,51008.26885,0.499586486,4.339988539,0.024052084,-0.5132713,-0.087886944,0.71841156,-0.5752106,0.408040252,2
225.16238,0.2138,0.1191,0.0406,0.0746,0.053,0.1246,0.2532,0.3025,0.3008,0.3425,-0.12265702,0.471353573,6,0.013662525,13142.24603,0.197324763,4.313170344,0.024047228,-0.48266295,-0.16906334,0.7003957,-0.60255724,0.435347853,2
314.83817,0.1973,0.1002,0.0355,0.0646,0.0484,0.1098,0.1388,0.143,0.1404,0.1705,0.16555975,0.197501198,6,0.013038549,24904.70933,0.780731686,4.345489707,0.013269231,-0.506682,0.16849272,0.48728815,-0.36975613,0.200348447,2
0,0.1634,0.0956,0.0295,0.0681,0.0486,0.11,0.1936,0.215,0.2034,0.2518,-0.046976864,0.303827286,9,0.012993276,26559.01091,0.578255223,4.348927937,0.009596609,-0.41166306,-0.10905127,0.6142857,-0.49834254,0.308776599,2
0,0.1806,0.1002,0.039,0.0709,0.0474,0.1153,0.188,0.2001,0.2008,0.2325,-0.025224451,0.321539364,10,0.013520802,33607.6756,0.715021749,4.321422096,0.031792818,-0.43618292,-0.052962765,0.61805,-0.47810084,0.307538091,2
206.69414,0.1198,0.0717,0.0248,0.061,0.0444,0.0995,0.1421,0.1506,0.1422,0.1609,-0.008454086,0.199983632,11,0.013469624,3873.780754,0.600680989,4.322797388,0.026407529,-0.32522124,-0.08549615,0.52411574,-0.3996063,0.21366151,2
260.58347,0.2201,0.1185,0.0504,0.0792,0.0608,0.1144,0.1843,0.2103,0.2296,0.2352,0.001604571,0.346925345,118,0.012896825,14833.49603,0.691129527,4.353741459,0.003335828,-0.4707651,-0.021125188,0.58126724,-0.48704663,0.320344123,2
31.088694,0.2417,0.1264,0.043,0.0842,0.0576,0.1353,0.235,0.2624,0.2766,0.2974,-0.03280015,0.42125107,84,0.015278565,4650.00496,0.634799452,4.250722777,0.041837051,-0.48327705,-0.06733554,0.65529627,-0.5332594,0.393790464,2
153.32153,0.2315,0.1244,0.0476,0.0714,0.0504,0.1192,0.2141,0.2407,0.237,0.2714,-0.004766116,0.394536544,122,0.013064138,6148.952381,0.674448188,4.344802061,0.020638647,-0.5285573,-0.011739602,0.64926934,-0.53696495,0.355473716,2
306.73444,0.2385,0.1364,0.053,0.0838,0.0615,0.1292,0.2458,0.2853,0.2765,0.3077,-0.04686257,0.430689072,103,0.013302312,23127.14187,0.732206777,4.331736787,0.013945075,-0.47998756,-0.073786385,0.6360946,-0.53483206,0.384844847,2
243.54767,0.2523,0.1386,0.0503,0.0799,0.0538,0.1227,0.2454,0.2904,0.212,0.3096,0.07705841,0.341669891,98,0.012967687,104281.5754,0.776233491,4.349615583,0.010190528,-0.51896447,0.08679733,0.5951843,-0.45255226,0.309872021,2
249.53685,0.2177,0.1063,0.0498,0.0865,0.0538,0.1271,0.2209,0.2534,0.2566,0.2982,-0.06039105,0.420432854,113,0.012896825,8713.492063,0.46592653,4.353741459,0.008814101,-0.43129522,-0.082015574,0.6533505,-0.49577382,0.375370173,2
314.8579,0.2265,0.1148,0.0424,0.0741,0.0406,0.1125,0.2339,0.266,0.2496,0.3126,-0.044535834,0.44460515,127,0.012896825,72971.69444,0.359871353,4.353741459,7.24E-04,-0.506986,-0.048519194,0.72019297,-0.5421687,0.39673499,2
14.103501,0.267,0.1391,0.039,0.0728,0.053,0.1261,0.2377,0.2689,0.2684,0.3041,0.02008284,0.416183657,119,0.014241229,1376.47619,0.51748108,4.284289212,0.043258135,-0.57151264,-0.002614912,0.6701929,-0.5732708,0.393352832,2
274.7401,0.1464,0.0986,0.0561,0.0797,0.0731,0.1226,0.2005,0.224,0.2282,0.2482,-0.12862246,0.311183343,133,0.013900699,6752.066468,0.591563921,4.30010507,0.029176774,-0.29500222,-0.21836625,0.5147693,-0.48229945,0.2903407,2
45.14233,0.2254,0.1226,0.0227,0.0684,0.0542,0.1028,0.2507,0.2967,0.3007,0.325,-0.07263683,0.423350403,119,0.013257039,7901.256944,0.465580371,4.335175017,0.017078169,-0.5343771,-0.1431287,0.69456184,-0.6293687,0.432506735,2
38.798798,0.2416,0.1256,0.0261,0.078,0.0521,0.1151,0.2601,0.3007,0.295,0.3354,-0.04456731,0.430109416,112,0.013180272,11180.30655,0.666675737,4.337237955,0.019958118,-0.5118899,-0.09951543,0.69979835,-0.5817694,0.430114494,2
76.03058,0.2413,0.1252,0.0225,0.0738,0.0558,0.1181,0.2545,0.296,0.2818,0.3232,-0.01197207,0.390233805,119,0.013276723,7644.89881,0.673205533,4.332424433,0.022370524,-0.5315773,-0.07742305,0.66943127,-0.5849269,0.4047278,2
270,0.2488,0.1295,0.0273,0.0726,0.0582,0.1162,0.2574,0.2993,0.299,0.338,-0.030475287,0.417056345,119,0.013469624,11434.25397,0.433517685,4.322797388,0.034827573,-0.5482265,-0.09163929,0.6741321,-0.6092573,0.421371898,2
251.6502,0.2519,0.1327,0.0336,0.0734,0.054,0.1218,0.2447,0.2907,0.2986,0.3284,-0.04121611,0.446154943,121,0.013495213,6156.063492,0.17511315,4.322109742,0.043093403,-0.54872423,-0.084831975,0.6937039,-0.60537636,0.430330735,2
82.90995,0.2151,0.1116,0.0258,0.0702,0.0522,0.1138,0.252,0.2968,0.3132,0.3336,-0.118258275,0.455370223,118,0.012967687,12902.05853,0.484807204,4.349615583,0.011770628,-0.5078864,-0.18568993,0.71428573,-0.6338028,0.452391952,2
90,0.2319,0.1176,0.024,0.067,0.0524,0.1135,0.224,0.2614,0.2468,0.2799,0.024319945,0.351867948,126,0.013160588,17749.22817,0.457240105,4.339988539,0.008899248,-0.5516895,-0.031125963,0.64973265,-0.5729764,0.364864872,2
108.349785,0.2056,0.1301,0.0297,0.0639,0.0496,0.1152,0.2196,0.2569,0.2106,0.2782,0.030070618,0.31311992,127,0.013134999,26007.97619,0.639946006,4.340676185,0.012451433,-0.5257885,-0.012013479,0.6187548,-0.5344262,0.31767956,2
132.36931,0.1966,0.0989,0.0399,0.0578,0.0418,0.0971,0.2144,0.2564,0.2461,0.2907,-0.090770386,0.426460144,124,0.013276723,9510.623016,0.433952277,4.332424433,0.008063949,-0.5455975,-0.11181384,0.70962137,-0.61961174,0.388945289,2
134.8583,0.1626,0.0789,0.0383,0.0602,0.0407,0.0919,0.2302,0.2727,0.2818,0.2994,-0.2231563,0.486579217,119,0.013180272,19595.87401,0.618100352,4.337237955,0.002404452,-0.45960504,-0.26822683,0.7475969,-0.6479532,0.439696052,2
270,0.2692,0.15,0.0284,0.0836,0.0605,0.1302,0.2578,0.2938,0.2946,0.3249,0.010265033,0.405129463,137,0.013205861,27902.57341,0.712272462,4.336550309,0.015553906,-0.5260771,-0.04505146,0.6592509,-0.5579059,0.410653738,2
234.5963,0.2117,0.1103,0.0153,0.0666,0.0476,0.1041,0.2135,0.2502,0.2688,0.2793,-0.04563854,0.384121123,135,0.013398762,24193.31647,0.73605046,4.326923264,0.016517981,-0.5213798,-0.11883451,0.69911504,-0.60286224,0.406418407,2
134.85837,0.1827,0.0921,0.0096,0.062,0.0408,0.0965,0.2266,0.2927,0.3062,0.3244,-0.1711478,0.448613921,97,0.012967687,83533.94544,0.40810027,4.349615583,0.006977791,-0.49325705,-0.2526079,0.7648415,-0.6632265,0.4700118,2
233.26657,0.1814,0.0857,0.041,0.0611,0.0479,0.0936,0.2453,0.3061,0.3072,0.342,-0.20588747,0.503651651,118,0.013920383,9402.08631,0.223978118,4.302491666,0.035391601,-0.49608248,-0.25747034,0.73021686,-0.66820526,0.454859102,2
270,0.1709,0.0783,0.0252,0.057,0.0419,0.0868,0.2445,0.3097,0.3108,0.3426,-0.22448976,0.48954993,113,0.013495213,10585.17361,0.710380044,4.322109742,0.049930718,-0.4997806,-0.2904297,0.7624043,-0.69004893,0.473026836,2
225.14214,0.182,0.0889,0.0181,0.0606,0.046,0.0946,0.2533,0.3121,0.3144,0.3422,-0.18644066,0.46127933,111,0.014615221,6415.412698,0.458899201,4.266046427,0.024160315,-0.50041217,-0.26672038,0.7447281,-0.6768,0.467921882,2
243.54846,0.1801,0.0868,0.0214,0.0626,0.047,0.0979,0.2529,0.3094,0.3156,0.3367,-0.19482364,0.467260474,108,0.015369111,4043.280754,0.244399176,4.229601188,0.04091259,-0.48413676,-0.27335083,0.74076116,-0.66895825,0.467076294,2
189.50859,0.1641,0.1072,0.0492,0.0718,0.0701,0.1283,0.2153,0.2544,0.257,0.275,-0.13323462,0.35706097,143,0.013495213,1672.853175,0.710793214,4.322109742,0.038652293,-0.3912675,-0.22061266,0.5713849,-0.5632603,0.338955381,2
260.58374,0.156,0.1131,0.0486,0.075,0.08,0.1234,0.1931,0.2109,0.2076,0.2285,-0.04104022,0.241100446,131,0.013855426,5133.91369,0.71794551,4.313170344,0.05427377,-0.35064936,-0.14191417,0.44367176,-0.4692144,0.24301676,2
270,0.1535,0.0701,0.0349,0.0644,0.0439,0.0924,0.2297,0.2815,0.2707,0.3104,-0.21510933,0.445632099,95,0.012896825,38835.48313,0.507057681,4.353741459,0.00693086,-0.40890315,-0.27628475,0.72091544,-0.6156371,0.41762829,2
180,0.2276,0.1196,0.0454,0.07,0.0586,0.1116,0.2287,0.2673,0.2746,0.2927,-0.055757187,0.420004664,89,0.012993276,21981.00893,0.300920356,4.348927937,0.010298472,-0.52956986,-0.093588226,0.6482593,-0.5937319,0.388862215,2
225.14186,0.1707,0.0778,0.0328,0.0686,0.0479,0.0995,0.2281,0.2717,0.2705,0.2951,-0.16229165,0.424193929,98,0.012993276,15720.52183,0.349328152,4.348927937,0.014339659,-0.4266611,-0.22620128,0.69912064,-0.5953996,0.407991211,2
198.52032,0.239,0.1164,0.0423,0.0744,0.0456,0.124,0.2171,0.2483,0.246,0.2852,-0.006458395,0.416684004,135,0.013038549,15193.23313,0.413840346,4.345489707,0.005634199,-0.5252074,-0.014433019,0.6872428,-0.5355805,0.379737249,2
153.3214,0.1501,0.0827,0.0139,0.056,0.0416,0.0855,0.1711,0.1993,0.2076,0.2212,-0.07212005,0.306737125,112,0.01323145,25435.62698,0.470162565,4.335862663,0.018789987,-0.45657444,-0.16074924,0.6661316,-0.5751138,0.332354507,2
348.6341,0.2116,0.1033,0.0361,0.0711,0.0512,0.1093,0.2418,0.2796,0.2736,0.3211,-0.081921406,0.424411306,291,0.012967687,29732.24206,0.533758385,4.349615583,0.007953054,-0.4969933,-0.12778236,0.6847291,-0.5874674,0.404461707,2
352.83917,0.204,0.0973,0.0353,0.0673,0.0477,0.1077,0.2412,0.2695,0.269,0.3066,-0.09460432,0.428726411,304,0.013282628,25294.49405,0.427765503,4.334487371,0.01810004,-0.50387025,-0.13742071,0.69876856,-0.59976214,0.406452792,2
202.21098,0.2099,0.1138,0.037,0.0664,0.0472,0.1036,0.2345,0.2636,0.2546,0.2995,-0.06287585,0.411409957,204,0.013251134,25373.78869,0.635362138,4.333112079,0.020558445,-0.51936305,-0.09623247,0.68721,-0.5862928,0.388001975,2
222.41832,0.18575,0.0968,0.0349,0.05915,0.0471,0.08965,0.2049,0.2429,0.2421,0.26985,-0.08659411,0.386001026,226,0.012896825,33581.09623,0.607956927,4.353741459,0.005180307,-0.51694566,-0.13170506,0.67427385,-0.6073029,0.370628485,2
243.55093,0.1657,0.0851,0.0367,0.0712,0.0501,0.0968,0.2431,0.2961,0.3376,0.3167,-0.26859853,0.527348758,197,0.012896825,95837.30159,0.47849684,4.353741459,0.001539209,-0.3989025,-0.3415458,0.74155277,-0.6516634,0.48580601,2
225.14511,0.1926,0.09435,0.03825,0.0663,0.0471,0.098,0.24075,0.29675,0.2812,0.3133,-0.1426272,0.458327607,251,0.012896825,24025.07143,0.317726381,4.353741459,0.002992004,-0.48783314,-0.18699872,0.7130673,-0.61841726,0.42394059,2
280.83188,0.22,0.1082,0.045,0.0814,0.059,0.1225,0.2934,0.3573,0.3296,0.3887,-0.14626685,0.502562973,267,0.012896825,54094.46825,0.417435169,4.353741459,6.06E-04,-0.459854,-0.19941777,0.69634587,-0.6038929,0.456785962,2
291.70117,0.2544,0.1279,0.0477,0.0781,0.052,0.1181,0.2428,0.2759,0.2619,0.3096,-0.00519479,0.431484609,221,0.013180272,13488.91964,0.508196963,4.337237955,0.007830404,-0.5302256,-0.014526424,0.6686843,-0.54058826,0.386841143,2
267.52304,0.1847,0.0908,0.045,0.0808,0.0622,0.1102,0.265,0.3272,0.3256,0.3479,-0.2003239,0.483728796,193,0.013089727,72006.37698,0.378510748,4.344114415,0.001152742,-0.3913371,-0.2761121,0.6792161,-0.6023622,0.445032666,2
259.92538,0.2119,0.1047,0.0434,0.0736,0.0542,0.1158,0.2911,0.3491,0.346,0.3828,-0.18810068,0.542097027,254,0.012896825,51741.90972,0.476745861,4.353741459,0.001520207,-0.4844133,-0.24036565,0.7291354,-0.6491897,0.486225265,2
341.47748,0.2356,0.1274,0.0477,0.0824,0.056,0.1291,0.2454,0.2846,0.2724,0.3109,-0.046591457,0.432575038,255,0.013940067,7498.364087,0.366054079,4.294603902,0.029834104,-0.48176098,-0.072440945,0.6589525,-0.5355129,0.391839676,2
111.7012,0.2042,0.1239,0.0406,0.067775,0.04404,0.1088,0.20685,0.2346,0.2384,0.2578,-0.058341555,0.405545269,261,0.012896825,13467.05853,0.710905085,4.353741459,0.002612298,-0.5016086,-0.07727067,0.6881462,-0.5572793,0.372603651,2
141.19862,0.158,0.1024,0.040725,0.0688,0.0604,0.1154,0.1938,0.2251,0.2282,0.2414,-0.10367823,0.326417866,256,0.01310941,22322.13988,0.660112066,4.341363831,0.012685776,-0.39329806,-0.18177108,0.5814276,-0.5367003,0.31917322,2
259.56024,0.2243,0.110975,0.048233334,0.0814,0.0586,0.118975,0.29086667,0.3575,0.3588,0.38853332,-0.17992076,0.556482397,229,0.013160588,32936.68651,0.747121685,4.339988539,0.010200592,-0.46745175,-0.23066369,0.7192142,-0.6301681,0.49084368,2
285.8692,0.2678,0.1377,0.0522,0.0958,0.0702,0.1399,0.3281,0.3967,0.3948,0.42,-0.1388535,0.569673567,144,0.013257039,63554.3621,0.458571708,4.335175017,0.014685253,-0.47304732,-0.19166918,0.6980645,-0.60945785,0.504559585,2
116.44898,0.2376,0.1355,0.0349,0.0694,0.0491,0.1178,0.2214,0.2565,0.2602,0.2824,-0.01443794,0.408143521,107,0.013392857,12149.75694,0.666520486,4.324860326,0.01243145,-0.54788274,-0.04539975,0.6825089,-0.57888347,0.391264046,2
65.665276,0.2205,0.1227,0.0338,0.0594,0.051,0.1098,0.1795,0.2059,0.2122,0.241,0.049275376,0.318652647,113,0.012896825,11301.65675,0.736015834,4.353741459,0.0095505,-0.5755627,0.019181896,0.612462,-0.562592,0.316823903,2
97.5567,0.2248,0.1208,0.0348,0.0624,0.05,0.1048,0.2157,0.2373,0.2558,0.2858,-0.027944822,0.397358678,123,0.013585758,13291.99008,0.345657058,4.315233282,0.014495401,-0.5654596,-0.06450271,0.6729889,-0.60779387,0.383097553,2
77.96463,0.2385,0.1273,0.0375,0.0702,0.0451,0.1121,0.2168,0.2534,0.2586,0.2742,-0.021562876,0.427701429,161,0.013707798,7544.090278,0.466017903,4.309732114,0.034778507,-0.5451895,-0.040434517,0.7029964,-0.5729927,0.398469574,2
166.69463,0.1857,0.0914,0.0259,0.055,0.0372,0.0847,0.2031,0.248,0.2598,0.274,-0.12347619,0.431813754,146,0.012967687,19148.33532,0.766299546,4.349615583,0.014110223,-0.54299957,-0.16632995,0.7494949,-0.65057176,0.41894603,2
47.265724,0.256,0.1281,0.046,0.0758,0.052,0.123,0.253,0.2919,0.2952,0.3204,-0.051139828,0.481698602,116,0.013379078,9810.611111,0.351947117,4.329673848,0.023562575,-0.5430983,-0.07111752,0.7004608,-0.59137464,0.430594886,2
39.431614,0.2303,0.1209,0.0327,0.0688,0.0524,0.1143,0.2655,0.3135,0.2934,0.3422,-0.07128777,0.442185587,118,0.013038549,32733.41171,0.585673375,4.345489707,8.39E-04,-0.5399532,-0.12048882,0.69693464,-0.62009937,0.427405992,2
203.30396,0.1751,0.1102,0.0391,0.0644,0.052,0.1055,0.1696,0.1914,0.1894,0.2125,-0.003072874,0.284318999,164,0.012896825,64784.38095,0.618459818,4.353741459,0.005964796,-0.46221292,-0.039231833,0.5691798,-0.49251378,0.277987592,2
204.07047,0.1773,0.0997,0.0324,0.0642,0.0496,0.1062,0.2385,0.2918,0.2958,0.3177,-0.18248963,0.455790874,156,0.013064138,42203.66964,0.755121818,4.344802061,0.015873975,-0.468323,-0.2504756,0.71279675,-0.6433333,0.436834632,2
35.67532,0.1977,0.1001,0.0294,0.0612,0.0425,0.0998,0.2096,0.2473,0.2646,0.2853,-0.10071137,0.427411298,202,0.012896825,21064.20437,0.730410118,4.353741459,0.005180024,-0.52723056,-0.14471126,0.7232172,-0.6243094,0.41277414,2
353.6278,0.2111,0.10425,0.03535,0.06715,0.0454,0.10705,0.2562,0.3061,0.3156,0.33525,-0.15548606,0.510630259,195,0.013251134,27719.18948,0.556156742,4.333112079,0.010639696,-0.51734054,-0.19840518,0.74847645,-0.64911824,0.470731714,2
85.93501,0.2205,0.1162,0.0438,0.0696,0.0549,0.1146,0.2154,0.2496,0.232,0.2737,-7.26E-04,0.359112643,179,0.012896825,8802.823413,0.620089258,4.353741459,0.007967169,-0.52016544,-0.025414335,0.61728823,-0.5384615,0.337590531,2
0,0.211,0.1118,0.0394,0.0667,0.0522,0.113,0.2233,0.2595,0.2488,0.2829,-0.045339134,0.388077367,186,0.012896825,10348.72024,0.601991403,4.353741459,0.00860764,-0.5196255,-0.082209654,0.65315616,-0.5771791,0.368164785,2
314.8546,0.2004,0.1093,0.0447,0.0676,0.0547,0.1059,0.2355,0.2754,0.278,0.3024,-0.116995506,0.439238368,201,0.012967687,25477.02282,0.395174116,4.349615583,0.007971325,-0.4955224,-0.16220737,0.67117524,-0.6087963,0.402245707,2
18.522223,0.24,0.1362,0.0488,0.0825,0.0628,0.1288,0.2284,0.264,0.2552,0.2898,-0.001977596,0.379936813,132,0.01323145,8088.857143,0.323620707,4.335862663,0.006257201,-0.48837206,-0.030694677,0.60503143,-0.51140064,0.352811739,2
53.892647,0.2064,0.1005,0.0254,0.0514,0.0424,0.0954,0.1857,0.2196,0.219,0.256,0.008921349,0.344142176,120,0.013662525,14720.52679,0.224503823,4.313170344,0.033265658,-0.6012413,-0.029619157,0.67559296,-0.6198225,0.34791174,2
3.0289538,0.2187,0.1103,0.0175,0.0634,0.0454,0.1109,0.2419,0.3014,0.2808,0.3386,-0.06081082,0.413868297,93,0.013186177,42371.5129,0.492794629,4.339300893,0.008115523,-0.550514,-0.12432434,0.72164315,-0.63160956,0.427378375,2
225.15372,0.2065,0.0943,0.0159,0.0633,0.0376,0.1183,0.2645,0.3125,0.304,0.3426,-0.13439716,0.472223197,45,0.013798343,105851.8095,0.77989796,4.302855654,0.027059198,-0.5307635,-0.19098923,0.7798595,-0.6553226,0.474809875,2
286.30692,0.2214,0.1048,0.0281,0.0736,0.0548,0.1148,0.251,0.3112,0.2766,0.3553,-0.04906182,0.3975908,183,0.013064138,48135.02877,0.774219169,4.344802061,0.013317283,-0.5010169,-0.1108434,0.66928184,-0.57966876,0.400168395,2
291.05856,0.2561,0.1216,0.0352,0.0746,0.0468,0.1221,0.3083,0.3267,0.3808,0.3813,-0.1573237,0.597452793,128,0.01323145,59835.75298,0.45176527,4.335862663,0.001801607,-0.5488358,-0.19579212,0.78110385,-0.6723759,0.540103505,2
321.69427,0.2357,0.1043,0.0208,0.0536,0.0301,0.0973,0.272,0.3323,0.3292,0.3803,-0.13673271,0.552334174,122,0.013134999,34546.38393,0.497863529,4.340676185,0.008232676,-0.6294504,-0.16551603,0.832452,-0.7199582,0.522111022,2
318.3521,0.234,0.1122,0.0238,0.0645,0.0381,0.1066,0.2623,0.3188,0.3244,0.3622,-0.12268259,0.520734823,121,0.01323145,32046.94246,0.703692088,4.335862663,0.014622301,-0.5678392,-0.16189113,0.78979313,-0.6682952,0.497913051,2
298.1739,0.21,0.1003,0.0233,0.0626,0.0439,0.1064,0.2318,0.2775,0.2736,0.3088,-0.07806829,0.421545248,112,0.012967687,29288.73909,0.626030958,4.349615583,0.007653538,-0.540719,-0.13151368,0.72346455,-0.62760264,0.421467902,2
310.08655,0.2374,0.1192,0.0408,0.0864,0.0622,0.1245,0.3011,0.3525,0.3972,0.4037,-0.18763557,0.571906577,211,0.012896825,83386.50992,0.725178868,4.353741459,0.001309696,-0.46633723,-0.25181216,0.729212,-0.64267987,0.523764844,2
83.69304,0.2086,0.094,0.0277,0.05,0.0396,0.0905,0.2172,0.2476,0.2556,0.2842,-0.06603952,0.420086359,152,0.012967687,12215.3254,0.59324107,4.349615583,0.009179802,-0.6133024,-0.10124947,0.73170733,-0.67277485,0.407444676,2
312.72757,0.2404,0.1151,0.0344,0.0667,0.0452,0.1062,0.2835,0.3211,0.326,0.3687,-0.11578948,0.524193553,166,0.01310941,32428.75893,0.403836938,4.341363831,0.006510372,-0.5656138,-0.15112995,0.7564655,-0.6603005,0.483471077,2
285.86545,0.1911,0.1007,0.0219,0.0534,0.038,0.0958,0.2479,0.305,0.3252,0.3443,-0.20479,0.516937248,121,0.012967687,37095.47917,0.395241435,4.349615583,0.00818556,-0.5631902,-0.2597327,0.7907489,-0.7179081,0.499073209,2
132.80238,0.2023,0.1094,0.0469,0.0686,0.0581,0.1013,0.1917,0.2144,0.2078,0.2491,0.011065804,0.310671152,114,0.012896825,19480.06448,0.45688039,4.353741459,0.002467581,-0.49354005,-0.013411372,0.5629936,-0.50361794,0.29318449,2
86.44258,0.1396,0.077,0.0248,0.0436,0.0273,0.078,0.2009,0.2191,0.2204,0.2249,-0.19000246,0.402896021,105,0.013089727,29171.06448,0.679690872,4.344114415,0.017315258,-0.52401745,-0.22444448,0.77957207,-0.669697,0.387387998,2
260.58707,0.1678,0.0781,0.029,0.0508,0.0293,0.0814,0.1777,0.2184,0.2172,0.2552,-0.11076021,0.399617173,183,0.013064138,17891.11508,0.785009241,4.344802061,0.019250659,-0.53522414,-0.1283117,0.7622718,-0.6208955,0.377561949,2
310.2147,0.1781,0.1312,0.0381,0.0736,0.0518,0.1226,0.2702,0.3205,0.3018,0.3351,-0.1930502,0.471040449,106,0.012896825,72512.62698,0.780666498,4.353741459,0.001349992,-0.4151768,-0.25776204,0.7070136,-0.60788494,0.439315851,2
296.44403,0.2375,0.1117,0.0361,0.0645,0.0462,0.109,0.2655,0.3073,0.299,0.3536,-0.08306399,0.484124242,114,0.012896825,58830.71627,0.623141435,4.353741459,0.003185579,-0.5728477,-0.11463187,0.7323291,-0.6451169,0.448651201,2
230.34314,0.2346,0.11,0.0279,0.0668,0.0416,0.115,0.2387,0.2892,0.2986,0.3194,-0.08345777,0.479853596,122,0.012967687,19729.9127,0.570492365,4.349615583,0.017530328,-0.5567352,-0.12003,0.75543797,-0.6343733,0.458819314,2
225.15169,0.2126,0.0986,0.022,0.0624,0.0371,0.1151,0.2431,0.2793,0.2798,0.3117,-0.094469644,0.453678782,33,0.013160588,105702.0575,0.093577661,4.339988539,0.007719409,-0.5461818,-0.13647443,0.76585674,-0.635301,0.445648183,2
90,0.1991,0.1012,0.0261,0.0694,0.0456,0.1268,0.2703,0.3209,0.3096,0.3553,-0.15678841,0.475692809,27,0.013636936,17090.09127,0.551413546,4.31385799,0.025246609,-0.483054,-0.21722035,0.7432432,-0.6337731,0.463049572,2
341.47366,0.1851,0.0866,0.0196,0.0622,0.0353,0.1092,0.2544,0.2981,0.302,0.3142,-0.18671584,0.487818236,45,0.013180272,9241.022817,0.557299547,4.337237955,0.0177729,-0.49696726,-0.23999175,0.7906908,-0.65842944,0.477785719,2
225.15192,0.1886,0.0903,0.0169,0.0561,0.0347,0.1011,0.2392,0.2834,0.2798,0.3077,-0.14115384,0.45013774,44,0.013540486,7370.929563,0.154403396,4.318671512,0.016864849,-0.54147935,-0.19470537,0.7793323,-0.665972,0.451381216,2
0,0.2965,0.1877,0.0598,0.0798,0.0886,0.1386,0.1742,0.1926,0.1986,0.2214,0.19689201,0.214558771,28,0.01310941,8759.564484,0.499180173,4.341363831,0.010350676,-0.5758703,0.19773784,0.38300833,-0.4267241,0.209603644,2
314.8495,0.2036,0.1016,0.0344,0.0731,0.0434,0.1187,0.2445,0.2944,0.2868,0.3282,-0.1305878,0.471998134,24,0.013520802,10379.50496,0.44709359,4.321422096,0.010391791,-0.47162992,-0.16965741,0.73712903,-0.59377605,0.439773543,2
270,0.2046,0.1031,0.0176,0.0651,0.0443,0.1184,0.2741,0.3196,0.3232,0.3659,-0.15584192,0.478551797,25,0.014022739,42853.45536,0.477416221,4.294603902,0.031674576,-0.5172414,-0.22470629,0.75891155,-0.6646922,0.482247821,2
26.684711,0.1902,0.0881,0.0258,0.06,0.0362,0.1094,0.2322,0.2713,0.2966,0.3063,-0.17492713,0.493069773,23,0.013205861,51428.74702,0.692829176,4.336550309,0.016299909,-0.5203837,-0.21857028,0.7824519,-0.6634885,0.469020186,2
270,0.1817,0.0935,0.0292,0.0637,0.0483,0.1115,0.2279,0.2638,0.2646,0.3002,-0.12180221,0.40493486,22,0.013160588,29379.2123,0.391878648,4.339988539,0.011252194,-0.48084763,-0.1857495,0.6912752,-0.6119403,0.399126592,2
243.55402,0.1865,0.0932,0.0265,0.0612,0.0426,0.1079,0.2285,0.27,0.2668,0.2899,-0.12289432,0.423450292,20,0.01310941,22048.7748,0.511494122,4.341363831,0.02235874,-0.50585383,-0.17714536,0.7246283,-0.62682927,0.415492943,2
80.58562,0.1766,0.0801,0.0296,0.0585,0.0406,0.1003,0.254,0.31,0.304,0.3507,-0.21132897,0.496756164,5,0.012896825,41215.36111,0.637665591,4.353741459,0.001760727,-0.5023394,-0.2650853,0.7643645,-0.6772414,0.46779539,2
116.44674,0.1815,0.0698,0.0268,0.0568,0.0256,0.0852,0.294,0.3657,0.3616,0.3896,-0.30445004,0.639172136,6,0.013180272,26318.80853,0.769970595,4.337237955,0.014803829,-0.52329,-0.33161482,0.8677686,-0.7284895,0.568079364,2
134.8519,0.1711,0.0713,0.0267,0.0509,0.0298,0.0882,0.2805,0.3481,0.3644,0.3699,-0.32128376,0.622882459,3,0.013849521,35540.31548,0.503974969,4.301480362,0.027405727,-0.54144144,-0.36097103,0.8488077,-0.754876,0.561283829,2
243.55322,0.1615,0.0639,0.0268,0.049,0.0263,0.0867,0.2612,0.3326,0.3328,0.3623,-0.31384727,0.594176487,4,0.013089727,44985.3869,0.475136115,4.344114415,0.002847041,-0.5344418,-0.34655067,0.8535227,-0.7433211,0.535153068,2
180,0.1681,0.0699,0.0293,0.0551,0.031,0.0957,0.2468,0.3008,0.2812,0.33,-0.21860282,0.501422893,7,0.013180272,50175.90377,0.481954763,4.337237955,0.003222984,-0.5062724,-0.2517249,0.80140936,-0.6723164,0.462078296,2
180,0.173,0.07,0.0264,0.0597,0.0285,0.0946,0.2788,0.3562,0.344,0.3891,-0.2953314,0.598899029,5,0.013089727,25475.34226,0.253997364,4.344114415,0.002469165,-0.48689297,-0.3307544,0.84697986,-0.70423585,0.54240689,2
0,0.2022,0.0908,0.0386,0.0712,0.049,0.1227,0.2307,0.2666,0.264,0.2923,-0.0928133,0.42372882,5,0.013089727,15872.17063,0.645964064,4.344114415,0.0039342,-0.47915143,-0.13256115,0.686901,-0.575179,0.396678968,2
134.85213,0.1668,0.0731,0.0247,0.054,0.03,0.0853,0.2538,0.323,0.3196,0.342,-0.27259284,0.550842607,5,0.013585758,18193.32242,0.682516811,4.315233282,0.007265015,-0.51086956,-0.3141447,0.8283753,-0.71092075,0.51129942,2
26.683449,0.173,0.0717,0.0252,0.0579,0.028,0.0978,0.2916,0.3694,0.3648,0.3949,-0.31979698,0.626581341,2,0.01377866,95624.74802,0.790257693,4.305606238,0.021892556,-0.49848416,-0.3566382,0.8574338,-0.72604686,0.565860219,2
213.82658,0.1619,0.0808,0.0394,0.0702,0.051,0.1104,0.2124,0.2586,0.2426,0.2808,-0.13962416,0.382252009,-1,0.012896825,60795.10615,0.73075419,4.353741459,6.20E-04,-0.3950883,-0.19950555,0.65258855,-0.55115086,0.362147171,2
134.85223,0.1648,0.0761,0.0273,0.0622,0.0302,0.0992,0.2459,0.2977,0.3172,0.3217,-0.27710843,0.554632246,2,0.013276723,117822.3522,0.688290386,4.332424433,0.021378785,-0.4519824,-0.31618258,0.826137,-0.6721139,0.50802455,2
206.68407,0.183,0.0915,0.0326,0.0684,0.0536,0.1085,0.2626,0.3203,0.299,0.3509,-0.16719465,0.445825158,0,0.012967687,40012.88393,0.652110038,4.349615583,0.007237216,-0.45584723,-0.2406639,0.6959728,-0.6276538,0.43173821,2
198.52429,0.175,0.0821,0.0328,0.0618,0.0454,0.0981,0.2453,0.3008,0.2786,0.3282,-0.17111698,0.446743303,8,0.013631031,40019.06151,0.399603571,4.320046804,0.02862238,-0.47804055,-0.22839509,0.7197531,-0.6368978,0.42451457,2
314.85233,0.1763,0.0694,0.0258,0.0605,0.0301,0.1018,0.2962,0.3802,0.3676,0.409,-0.3117706,0.622831622,10,0.013546391,42308.59226,0.726859751,4.32073445,0.022051633,-0.4890203,-0.35171905,0.8486296,-0.7173557,0.563941179,2
153.31671,0.1718,0.0735,0.0246,0.0562,0.0267,0.0965,0.2841,0.3687,0.3448,0.404,-0.30093324,0.602233996,2,0.012993276,56932.20536,0.578630015,4.348927937,0.008234043,-0.50701755,-0.3348819,0.8562584,-0.71970075,0.547504299,2
333.31674,0.1558,0.0663,0.0211,0.0452,0.0254,0.0816,0.2409,0.3092,0.2912,0.3355,-0.26565352,0.516979829,5,0.013160588,71000.21032,0.752992682,4.339988539,0.007772857,-0.55024874,-0.3029083,0.8395452,-0.7312723,0.488243954,2
258.7466,0.1014,0.0505,0.0214,0.0454,0.0282,0.081,0.1729,0.208,0.1996,0.2283,-0.26069593,0.354630466,8,0.012967687,44474.86607,0.455379972,4.349615583,0.010619482,-0.3814714,-0.3262458,0.7524144,-0.62938774,0.353256382,2
134.85278,0.1549,0.0669,0.0229,0.0536,0.0257,0.0905,0.2531,0.3323,0.283,0.3744,-0.25755394,0.508317192,5,0.013180272,42277.99306,0.723094354,4.337237955,0.002358254,-0.48585132,-0.29253253,0.8334953,-0.6815211,0.477247427,2
288.3472,0.1819,0.0764,0.0216,0.0589,0.0277,0.0984,0.2908,0.3661,0.3708,0.4012,-0.3036545,0.62381817,3,0.013636936,34879.94444,0.442447911,4.31385799,0.009597054,-0.5107973,-0.34177673,0.86097866,-0.72585523,0.572787969,2
314.85336,0.1644,0.0679,0.015,0.0448,0.024,0.0811,0.2806,0.3621,0.3632,0.3901,-0.3349806,0.608016071,6,0.013327901,23259.40774,0.464225221,4.331049141,0.008495701,-0.5717017,-0.37680063,0.87603307,-0.78039217,0.573489639,2
296.44733,0.1693,0.0871,0.0305,0.0604,0.0493,0.0987,0.191,0.2253,0.2302,0.2559,-0.08783641,0.348622073,5,0.012896825,140783.126,0.607966436,4.353741459,2.62E-04,-0.47409666,-0.15244052,0.64722717,-0.5843083,0.34810775,2
345.89432,0.1835,0.087,0.0222,0.056,0.0336,0.0912,0.2145,0.2743,0.2432,0.2879,-0.100103624,0.409919434,5,0.01310941,206024.1954,0.630204282,4.341363831,0.008475294,-0.53235906,-0.13991094,0.75722545,-0.62566847,0.404737393,2
156.69466,0.1832,0.0798,0.0186,0.047,0.0241,0.0807,0.2777,0.3439,0.3528,0.3778,-0.28356662,0.605162399,3,0.013514897,127392.6885,0.604971381,4.319359158,0.013593279,-0.5916594,-0.31641793,0.8721146,-0.76488245,0.562264809,2
26.683949,0.2396,0.1394,0.0387,0.0686,0.0557,0.1138,0.2473,0.2795,0.283,0.3059,-0.042787664,0.428237673,127,0.01335349,8083.999008,0.420327324,4.330361495,0.017007963,-0.55483454,-0.08304629,0.6710954,-0.6097838,0.406521988,2
0,0.2114,0.121,0.0364,0.064,0.0593,0.1062,0.2179,0.2538,0.2468,0.287,-0.022567255,0.352549645,132,0.013707798,37588.26687,0.499927626,4.309732114,0.025121305,-0.53522146,-0.07725885,0.6125449,-0.58815956,0.348902125,2
333.31604,0.2166,0.1198,0.0404,0.066,0.061,0.1142,0.2312,0.2694,0.2512,0.2976,-0.024595903,0.361817054,140,0.013180272,17329.74702,0.725871936,4.337237955,0.017768394,-0.53290874,-0.07396321,0.60922486,-0.5838587,0.351268146,2
314.85168,0.2377,0.1298,0.0421,0.0745,0.064,0.1138,0.2388,0.2681,0.2822,0.2999,-0.036102246,0.403939432,146,0.013089727,18753.79663,0.534932656,4.344114415,0.00249551,-0.5227418,-0.085593395,0.6302715,-0.582282,0.386787998,2
18.524092,0.2346,0.1384,0.0395,0.0668,0.0588,0.1135,0.2403,0.2781,0.2828,0.2998,-0.04693844,0.418113248,152,0.013444035,11379.18353,0.67293957,4.323485034,0.023885144,-0.5567352,-0.093158096,0.6557377,-0.617849,0.399239528,2
248.30133,0.165,0.0789,0.0226,0.0437,0.0322,0.0792,0.2133,0.2523,0.2126,0.2869,-0.08788156,0.364798173,281,0.01310941,73940.23016,0.573168725,4.341363831,0.006711126,-0.5812171,-0.12605928,0.7369281,-0.65899336,0.363318998,2
245.66826,0.205,0.108,0.0332,0.0552,0.0504,0.0974,0.2035,0.2355,0.2214,0.2651,0.001568639,0.335346707,267,0.012896825,29102.53472,0.374202424,4.353741459,0.002441622,-0.575711,-0.038461525,0.62913907,-0.6008677,0.332339973,2
246.14796,0.1718,0.0871,0.0334,0.0548,0.0456,0.0892,0.2197,0.2698,0.2614,0.2987,-0.15111285,0.420007803,253,0.013205861,8843.513889,0.527559244,4.336550309,0.015809809,-0.51632833,-0.20683289,0.7029316,-0.653384,0.401115259,2
105.179634,0.1957,0.0945,0.0296,0.0542,0.043,0.092,0.2215,0.2627,0.2552,0.2929,-0.08806111,0.410858109,241,0.013064138,10332.65774,0.665486845,4.344802061,0.014739435,-0.5662265,-0.13195829,0.7116029,-0.6496445,0.398772232,2
283.96616,0.1941,0.0874,0.0295,0.0644,0.049,0.0978,0.2407,0.28,0.28,0.3081,-0.12015924,0.426908157,212,0.013064138,20541.84425,0.470956327,4.344802061,0.016853145,-0.5017408,-0.1811854,0.7021277,-0.62601626,0.417973467,2
343.9756,0.1322,0.0779,0.0299,0.058,0.0457,0.0876,0.1803,0.2147,0.2192,0.2466,-0.16674472,0.341764177,209,0.013160588,21730.57341,0.70119409,4.339988539,0.008839438,-0.39011568,-0.2475811,0.65496415,-0.5815296,0.340240558,2
270,0.1921,0.0963,0.0347,0.0592,0.0466,0.0945,0.215,0.2468,0.241,0.2751,-0.07192845,0.385607168,201,0.012993276,35438.72024,0.671922668,4.348927937,0.010933535,-0.52884996,-0.11290693,0.6759388,-0.60559624,0.370238697,2
80.58597,0.17,0.0776,0.0254,0.0514,0.0367,0.0818,0.2212,0.2752,0.29,0.3058,-0.20819765,0.479843894,212,0.013134999,29146.03472,0.46354088,4.340676185,0.010690092,-0.535682,-0.26086953,0.77532905,-0.69888693,0.459598395,2
116.44587,0.1521,0.0799,0.0271,0.0515,0.0364,0.0769,0.21,0.2629,0.2448,0.2792,-0.18114683,0.41350847,227,0.012993276,33266.00496,0.781862068,4.348927937,0.009560064,-0.49410608,-0.2335601,0.74110955,-0.65237933,0.400153608,2
116.4459,0.2002,0.0929,0.0297,0.0578,0.0394,0.0891,0.2436,0.2939,0.2984,0.3241,-0.15589221,0.493502556,220,0.013038549,40332.59921,0.668226749,4.345489707,0.016720989,-0.551938,-0.19695148,0.7667259,-0.67546326,0.463714508,2
142.28722,0.162,0.073,0.0229,0.0455,0.0322,0.0757,0.1961,0.2473,0.2562,0.2765,-0.17937881,0.438304673,237,0.012967687,15251.70238,0.653424654,4.349615583,0.011713292,-0.5614458,-0.22525105,0.776699,-0.6983759,0.426179582,2
144.64183,0.1579,0.0731,0.0208,0.0419,0.0276,0.0715,0.202,0.2632,0.2712,0.295,-0.22303663,0.475484076,237,0.013257039,19293.28175,0.708595378,4.335175017,0.01493531,-0.5805806,-0.264041,0.81526107,-0.73235387,0.457436157,2
307.2612,0.1988,0.0933,0.0396,0.0672,0.0457,0.0969,0.2352,0.2822,0.2812,0.3149,-0.13497257,0.467855999,241,0.013566075,11305.97917,0.631298505,4.317983866,0.0448272,-0.49473685,-0.17166665,0.7204038,-0.61423653,0.42719796,2
259.4343,0.1759,0.0824,0.0324,0.0568,0.0426,0.0898,0.2207,0.2688,0.2596,0.2929,-0.14397652,0.426426693,209,0.012993276,44528.38492,0.642944884,4.348927937,0.010379067,-0.5118178,-0.19219291,0.7180675,-0.6409608,0.405759184,2
90,0.166,0.0848,0.0334,0.0586,0.0414,0.0905,0.1865,0.2185,0.2216,0.2417,-0.10294118,0.369413684,84,0.014377047,4993.573413,0.065626842,4.282226274,0.034151394,-0.47818342,-0.14344686,0.68517107,-0.5817273,0.354259495,2
134.86163,0.1637,0.0725,0.0317,0.0546,0.0432,0.0908,0.1693,0.1925,0.1904,0.2196,-0.035431243,0.30366795,73,0.012993276,5786.493056,0.552503484,4.348927937,0.016711619,-0.49977094,-0.07540244,0.63013697,-0.5542857,0.300981466,2
134.86177,0.121,0.0546,0.0271,0.0491,0.038,0.0809,0.1676,0.1947,0.1924,0.2188,-0.15984148,0.317134283,66,0.013940067,8285.297619,0.681252448,4.302855654,0.040547089,-0.42269254,-0.22782385,0.6701389,-0.5933747,0.317086521,2
153.32396,0.1622,0.079,0.0316,0.0579,0.0456,0.0856,0.1634,0.192,0.1898,0.2149,-0.03168683,0.293949756,77,0.013134999,5377.099206,0.244859116,4.340676185,0.01213342,-0.47387552,-0.07840906,0.61257434,-0.53249896,0.294125635,2
153.32431,0.1604,0.0835,0.0356,0.0562,0.0411,0.0882,0.172,0.1969,0.1942,0.2204,-0.06561556,0.326077687,56,0.0140936,6758.412698,0.541013996,4.290478026,0.047082691,-0.48107108,-0.095318645,0.6506587,-0.5511182,0.312321494,2
134.86185,0.0892,0.047,0.0322,0.0508,0.0355,0.0674,0.1296,0.1491,0.1424,0.1621,-0.16672236,0.239922785,64,0.012896825,20897.42163,0.401634559,4.353741459,0.004861181,-0.2742857,-0.22970639,0.60089934,-0.47412008,0.236539303,2
134.86185,0.1101,0.0536,0.0252,0.05,0.0371,0.0855,0.1681,0.1929,0.1892,0.2098,-0.18584071,0.310966638,63,0.01399715,9613.088294,0.592681101,4.295291548,0.038027619,-0.37539038,-0.26428333,0.6721167,-0.5819398,0.314126396,2
206.67586,0.168,0.0809,0.0357,0.058,0.0419,0.0866,0.1756,0.2117,0.222,0.239,-0.102224134,0.373450007,74,0.014408541,3588.128968,0.551721887,4.275349814,0.025185228,-0.48672566,-0.13846155,0.6824555,-0.5857143,0.353645766,2
180,0.166,0.0841,0.022133334,0.0481,0.0374,0.087775,0.16875,0.203825,0.2093,0.227,-0.06446915,0.338999759,58,0.012896825,7595.414683,0.443030849,4.353741459,0.00842907,-0.55067724,-0.11537438,0.6967977,-0.6262626,0.3453194,2
206.67557,0.1573,0.0812,0.0232,0.0568,0.044,0.0864,0.1729,0.2087,0.2098,0.2307,-0.07299104,0.318895223,59,0.013302312,8437.96627,0.519785477,4.331736787,0.027570558,-0.4694068,-0.14301282,0.6532703,-0.5738935,0.329928371,2
0,0.0303,0.0263,0.0424,0.0736,0.0632,0.072,0.0525,0.0527,0.0464,0.0475,0.025781676,-0.037919821,13,0.048201688,13.70039683,0.28354356,3.246077909,0.314526941,0.41674688,-0.20990872,-0.15328465,0.22666669,-0.041338577,3
0,0.0443,0.0325,0.0443,0.0814,0.07,0.0857,0.0692,0.0699,0.0596,0.0624,0.047662698,-0.022660917,13,0.014751039,1837.274802,0.67311021,4.258846309,0.056302944,0.29514715,-0.14725696,-0.08024692,0.15460993,-0.024777639,3
0,0.0262,0.021,0.0441,0.0654,0.046,0.0707,0.0436,0.0433,0.0356,0.0315,-0.04937459,-0.026507624,13,0.02025463,137.6755952,0.257758954,4.020840128,0.149992858,0.42794758,-0.15210354,-0.12745099,0.2950495,-0.026822561,3
0,0.0266,0.0205,0.0448,0.0651,0.0491,0.0719,0.0431,0.0418,0.0316,0.0313,-0.004602215,-0.044182998,13,0.017402447,244.3918651,0.308019557,4.149146605,0.115785091,0.41984734,-0.08591064,-0.21685256,0.34643227,-0.045204069,3
0,0.024,0.0181,0.0339,0.0602,0.0461,0.0696,0.0405,0.0372,0.0275,0.024,0.06615971,-0.044292046,13,0.014512865,194.25,0.188297374,4.263659831,0.093565447,0.42992872,-0.06796116,-0.2527174,0.372862,-0.048640172,3
0,0.0236,0.0186,0.0348,0.0612,0.0483,0.0705,0.0428,0.0434,0.0356,0.0318,0.010541132,-0.029829018,13,0.035184792,210.9761905,0.439207708,3.748401177,0.210815211,0.4433962,-0.20270267,-0.1513707,0.26446283,-0.032625456,3
0,0.0229,0.0176,0.0426,0.0592,0.0438,0.0608,0.0399,0.0338,0.0271,0.0257,-0.021994125,-0.043023494,13,0.01408179,112.3144841,0.122707109,4.28635215,0.114476958,0.44214374,-0.08400001,-0.23554301,0.3719583,-0.043878086,3
0,0.0257,0.0192,0.0436,0.0586,0.0518,0.0677,0.0472,0.0471,0.0398,0.039,-0.036668733,-0.029308328,13,0.019339333,71.96230159,0.37145673,4.056611164,0.174800506,0.39027286,-0.21526718,-0.1310044,0.19105692,-0.030425968,3
0,0.0409,0.0314,0.0113,0.0408,0.0381,0.0528,0.0346,0.0332,0.0285,0.0305,0.32996634,-0.020471703,13,0.014705767,481.2926587,-0.028942076,4.262284539,0.099163104,-0.001223965,0.17867434,-0.14414415,0.17748919,-0.025414756,3
0,0.0243,0.0198,0.0197,0.0452,0.0412,0.0488,0.0348,0.0341,0.0281,0.025,0.15622242,-0.029045275,13,0.016333617,146.7946429,0.081271604,4.168077036,0.088578314,0.30071944,-0.0725191,-0.18903318,0.23328786,-0.034516073,3
0,0.0258,0.0204,0.024,0.0497,0.0396,0.0559,0.0349,0.0367,0.0294,0.0305,0.1010101,-0.02345906,13,0.021585254,161.1845238,0.278194611,4.005321041,0.268282142,0.31655627,-0.06521738,-0.14782608,0.25663716,-0.026889278,3
0,0.0238,0.0177,0.032,0.056,0.0485,0.0628,0.0352,0.038,0.0296,0.0266,0.07991038,-0.043725711,13,0.014229419,1454.131944,0.618856727,4.288415088,0.058865244,0.40350878,-0.10861422,-0.24199745,0.30841124,-0.049039962,3
0,0.0242,0.0193,0.0369,0.059,0.05,0.0718,0.0486,0.0526,0.0437,0.0402,-0.041343648,-0.014761709,13,0.019721199,119.8660714,0.16929875,4.028404234,0.127062027,0.41826925,-0.28718704,-0.06723589,0.14897762,-0.015917136,3
0,0.0251,0.0192,0.0385,0.0661,0.0548,0.0725,0.0519,0.0532,0.0457,0.0442,-0.026203524,-0.020953261,13,0.024740568,65.82043651,0.313199158,3.847149014,0.184763084,0.44956142,-0.29096043,-0.09054728,0.18246871,-0.022731061,3
0,0.0255,0.0186,0.0423,0.0657,0.0549,0.0706,0.0547,0.0519,0.0457,0.0443,-0.04513063,-0.02174222,13,0.033080593,64.0843254,0.117160414,3.663338648,0.259559685,0.4407895,-0.28370786,-0.091451325,0.17953324,-0.02297703,3
0,0.0243,0.018,0.0442,0.065,0.052,0.0694,0.0471,0.0439,0.0388,0.0373,-0.042059008,-0.032375159,13,0.01821342,278.093254,0.279745392,4.1035262,0.103952044,0.45576707,-0.229794,-0.14537445,0.25240844,-0.033513879,3
0,0.0237,0.0162,0.0429,0.0653,0.0497,0.0714,0.0478,0.0469,0.0362,0.0371,-0.03737706,-0.03332839,13,0.016951688,275.202381,0.494566345,4.147083667,0.136094728,0.46741572,-0.20868115,-0.15715946,0.2866995,-0.034562206,3
0,0.0249,0.0197,0.0362,0.0615,0.0483,0.0722,0.0454,0.0418,0.0313,0.0324,0.040511724,-0.040491618,13,0.017737072,138.7043651,0.648433881,4.129892517,0.166427387,0.4236111,-0.113879,-0.21356784,0.32543105,-0.043995861,3
0,0.0294,0.025,0.0403,0.0674,0.0539,0.0786,0.0487,0.0473,0.0366,0.037,0.03995005,-0.040888676,13,0.016231261,214.3690476,0.192315787,4.175964799,0.078555659,0.39256197,-0.10909092,-0.1911602,0.29615384,-0.043945805,3
0,0.0415,0.0323,0.0466,0.0754,0.0675,0.0772,0.0624,0.0646,0.0554,0.0589,0.03317537,-0.027230181,13,0.013920383,258.1577381,0.729823098,4.302491666,0.060965773,0.28999147,-0.14344686,-0.09845406,0.15290523,-0.029137912,3
0,0.0393,0.0297,0.0444,0.0688,0.0648,0.0715,0.0579,0.0612,0.0526,0.0564,0.035305824,-0.027517145,13,0.020853017,152.2857143,0.334707949,4.031815577,0.164086258,0.27289551,-0.14472255,-0.10391824,0.13344318,-0.029640431,3
0,0.0466,0.0342,0.04,0.0634,0.0612,0.0724,0.0588,0.0624,0.0541,0.0583,0.06785538,-0.015829842,13,0.016006866,445.0376984,-0.002788574,4.195582876,0.075415763,0.15272729,-0.074478656,-0.0615785,0.07914895,-0.017308632,3
0,0.0528,0.0387,0.0429,0.064,0.0582,0.0724,0.0638,0.0669,0.0584,0.0621,0.045690063,4.60E-04,13,0.015865142,565.7480159,0.320355957,4.200720056,0.105016963,0.09589044,-0.050359726,0.001715263,0.045751646,4.87E-04,3
0,0.0421,0.0286,0.0429,0.0494,0.0463,0.0533,0.0502,0.053,0.0485,0.0498,-0.016685197,0.005475088,13,0.01809138,75.67162698,0.818792268,4.092240537,0.170490259,0.07978143,-0.07064018,0.02320675,0.009193057,0.005548083,3
0,0.0425,0.0308,0.0434,0.0506,0.0449,0.0528,0.0467,0.0486,0.0433,0.0466,0.004020682,-0.004051866,13,0.016996961,351.7222222,0.268969492,4.160148941,0.141849666,0.087003216,-0.009323994,-0.018140601,0.077742286,-0.004080247,3
0,0.0249,0.0197,0.0362,0.0615,0.0483,0.0722,0.0454,0.0418,0.0313,0.0324,0.040511724,-0.040491618,13,0.017737072,138.7043651,0.648433881,4.129892517,0.166427387,0.4236111,-0.113879,-0.21356784,0.32543105,-0.043995861,3
0,0.023,0.0187,0.0372,0.0598,0.0504,0.0666,0.0453,0.0438,0.0368,0.0365,-0.004070562,-0.032069419,13,0.024075255,115.7638889,0.313637245,3.886722269,0.173143291,0.44444445,-0.23076925,-0.15596329,0.23809522,-0.034741142,3
0,0.0253,0.0187,0.0164,0.0488,0.0426,0.0626,0.0335,0.0333,0.0278,0.0256,0.21141838,-0.031885555,13,0.014062106,413.8462302,0.421494778,4.289102734,0.085759552,0.317139,-0.04708097,-0.21022727,0.27415144,-0.038920054,3
0,0.0245,0.0196,0.0335,0.0595,0.0484,0.0689,0.0468,0.0469,0.0351,0.0323,0.030388666,-0.030951822,13,0.017819744,230.094246,0.183578223,4.095510216,0.102369572,0.4166667,-0.17785239,-0.1592814,0.2579281,-0.034190226,3
0,0.0225,0.0178,0.0272,0.0563,0.0475,0.0664,0.047,0.0425,0.0362,0.0356,0.04947525,-0.025286425,13,0.014158557,249.3184524,0.729155425,4.284289212,0.091821724,0.42893398,-0.23339012,-0.13500594,0.21729727,-0.029038884,3
0,0.0234,0.0176,0.0356,0.0578,0.0477,0.0683,0.0423,0.0411,0.033,0.0334,0.017895486,-0.034926818,13,0.021896259,123.8412698,0.238142378,4.004181031,0.122317551,0.42364532,-0.17021278,-0.18215613,0.27312773,-0.037971412,3
0,0.0235,0.02,0.0357,0.0586,0.0472,0.0647,0.0433,0.0411,0.0353,0.0334,-0.002117158,-0.02831311,13,0.017550076,121.7123016,0.205800193,4.110314771,0.115284901,0.42752743,-0.20068032,-0.14424242,0.2481363,-0.030643777,3
0,0.023,0.0183,0.0272,0.0574,0.0463,0.065,0.0413,0.0386,0.0298,0.0295,0.09738719,-0.037377677,13,0.020973088,72.87996032,0.262386392,4.023004399,0.149513903,0.42786068,-0.12878788,-0.21681999,0.31651375,-0.042961296,3
0,0.0224,0.0189,0.0394,0.0564,0.0455,0.0643,0.0371,0.0341,0.0279,0.027,0.004437862,-0.043763676,13,0.018483088,111.5704365,0.116244591,4.096845178,0.159161473,0.4314721,-0.10934394,-0.23978202,0.33807832,-0.046041158,3
0,0.0234,0.0206,0.0314,0.0534,0.0472,0.0593,0.0328,0.0301,0.019,0.0252,0.16694218,-0.066091689,13,0.013747166,308.1378968,0.802065318,4.304230946,0.073768197,0.390625,0.10377359,-0.4259819,0.47513813,-0.07470859,3
0,0.0293,0.0224,0.036,0.0551,0.0467,0.0624,0.0435,0.0367,0.0342,0.0329,0.039671693,-0.029921484,13,0.017943752,144.1369048,0.419065265,4.125207215,0.085705375,0.30568722,-0.077165365,-0.15451173,0.23404254,-0.032277498,3
0,0.0251,0.021,0.0337,0.0506,0.038,0.0578,0.0347,0.0338,0.0274,0.0264,0.016103048,-0.026429958,13,0.015373047,134.390873,0.266733292,4.236841637,0.116932428,0.336856,-0.043809522,-0.1620795,0.2974359,-0.028121681,3
0,0.029,0.0227,0.0393,0.0571,0.0449,0.0582,0.0378,0.0335,0.0306,0.0311,0.027816417,-0.035563292,13,0.014898668,229.639881,0.225490354,4.249542923,0.074169643,0.32636473,-0.026845654,-0.18940397,0.3021665,-0.037271937,3
0,0.0275,0.0253,0.0291,0.0491,0.038,0.0564,0.0364,0.0366,0.0299,0.0294,0.052208822,-0.019477707,13,0.014802217,158.1815476,0.290122944,4.257471017,0.120361765,0.28198433,-0.041811842,-0.11929307,0.24303798,-0.02139461,3
0,0.0275,0.0241,0.029,0.0508,0.0406,0.0563,0.0363,0.0351,0.028,0.0249,0.08872903,-0.029883315,13,0.014377047,176.5119048,0.106325419,4.279111701,0.091340753,0.29757345,-0.009009027,-0.18367347,0.28934008,-0.033239538,3
0,0.0349,0.0308,0.0348,0.0529,0.0435,0.0617,0.0376,0.0356,0.029,0.0314,0.10267228,-0.035228376,13,0.013945972,188.515873,0.643116485,4.29666684,0.105336841,0.20501143,0.09233176,-0.2,0.2918193,-0.037991265,3
0,0.0444,0.0341,0.0383,0.0581,0.0638,0.0691,0.0621,0.0624,0.0558,0.0586,0.06969847,-0.017370915,13,0.015522644,933.390873,0.66372034,4.229965177,0.110515397,0.13365854,-0.11377245,-0.06688964,0.020193167,-0.019367337,3
0,0.0314,0.0245,0.0423,0.0594,0.0501,0.0554,0.0457,0.0462,0.0406,0.0415,-0.008515846,-0.023194485,13,0.020575476,95.16865079,0.379824678,3.993502838,0.182027573,0.30837005,-0.12777781,-0.10474087,0.18799998,-0.024123913,3
0,0.0377,0.0275,0.0484,0.0604,0.0517,0.0573,0.0526,0.0548,0.0479,0.0509,-0.03715669,-0.009546782,13,0.016713514,125.4623016,0.624366724,4.175769362,0.110850581,0.23139653,-0.11915885,-0.03815262,0.115420155,-0.00950634,3
0,0.0434,0.035,0.0518,0.061,0.053,0.0593,0.0547,0.056,0.0496,0.0536,-0.025278071,-0.008681437,13,0.015947814,153.655754,0.645727369,4.187331124,0.107157585,0.16858236,-0.06666667,-0.03313838,0.10307413,-0.00846332,3
0,0.0381,0.0316,0.0505,0.0586,0.0507,0.0551,0.0485,0.0485,0.0445,0.0486,-0.03373232,-0.015980207,13,0.020055823,72.35615079,0.540159749,4.030587678,0.175885605,0.21199587,-0.07748184,-0.065126054,0.13676043,-0.015625002,3
0,0.028,0.0219,0.0424,0.058,0.0504,0.0673,0.0411,0.0365,0.033,0.0302,0.019505868,-0.042756045,13,0.01637889,232.6785714,0.449960167,4.193129063,0.093471812,0.3488372,-0.0819672,-0.2086331,0.27472526,-0.044737745,3
0,0.0452,0.0354,0.0452,0.0731,0.0571,0.0755,0.0491,0.0442,0.038,0.0368,0.102964975,-0.045842941,13,0.018207514,178.6755952,0.577735695,4.111454294,0.107771741,0.23584107,0.08653849,-0.20084125,0.31593162,-0.048143177,3
0,0.0397,0.0337,0.0408,0.0614,0.0499,0.0697,0.0413,0.0393,0.0318,0.0305,0.10480886,-0.044137723,13,0.022036013,71.90178571,0.306642516,3.932706177,0.166023176,0.21463895,0.1104895,-0.2215422,0.31759655,-0.046673536,3
0,0.0417,0.0332,0.0313,0.0492,0.04,0.0698,0.0376,0.0375,0.0331,0.0365,0.11841203,-0.01661289,13,0.016154494,136.5079365,0.7853507,4.189394062,0.10628226,0.082508214,0.11497326,-0.09439121,0.19562572,-0.018059669,3
0,0.0492,0.0375,0.0502,0.0656,0.073,0.0833,0.0753,0.079,0.0662,0.0717,0.024308441,-0.015074922,13,0.014666399,395.405754,0.339121976,4.259533955,0.099765821,0.14285716,-0.14731373,-0.048850544,-0.004552372,-0.015957437,3
0,0.0242,0.0211,0.0394,0.0566,0.0472,0.0655,0.0441,0.0434,0.035,0.0347,-0.020576121,-0.029823021,13,0.019313744,106.5099206,0.364380978,4.037471852,0.111793474,0.4009901,-0.18243244,-0.1484185,0.23580787,-0.031432502,3
0,0.0272,0.0212,0.0384,0.0594,0.0455,0.0619,0.0429,0.0425,0.0339,0.0349,0.002758603,-0.028462065,13,0.017904384,124.4781746,0.624773253,4.105953126,0.116542052,0.37182447,-0.1096563,-0.14609571,0.27331188,-0.030031064,3
0,0.0249,0.0193,0.0288,0.059,0.0501,0.0686,0.0419,0.0411,0.0346,0.0321,0.08381502,-0.03462294,13,0.020762472,82.33333333,0.020735501,3.996529036,0.122580982,0.40643623,-0.16302522,-0.18299879,0.26068375,-0.039763976,3
0,0.023,0.0191,0.0374,0.0608,0.049,0.07,0.0494,0.0505,0.0436,0.0364,-0.05882354,-0.012770784,13,0.017512676,221.8561508,0.415220699,4.11201372,0.088295665,0.451074,-0.3093093,-0.058315318,0.16475096,-0.013668575,3
0,0.023,0.0195,0.0239,0.0534,0.0418,0.0648,0.0385,0.0381,0.031,0.0301,0.082706764,-0.024488686,13,0.02187067,80.38988095,0.13350501,3.941369961,0.193567243,0.39790574,-0.14814813,-0.14835165,0.26540285,-0.028282124,3
0,0.0251,0.021,0.0272,0.0616,0.0466,0.0685,0.045,0.0432,0.0401,0.0345,0.031654663,-0.014564843,13,0.017640621,171.9593254,0.474867805,4.122820619,0.112199935,0.42099193,-0.23006135,-0.07497115,0.21140608,-0.01661837,3
0,0.0237,0.0184,0.041,0.0642,0.0486,0.0702,0.0462,0.0457,0.0367,0.0366,-0.036000002,-0.02914381,13,0.022638338,75.69246032,0.159559315,3.909556251,0.121277607,0.46075085,-0.21523176,-0.13950762,0.27254707,-0.030497182,3
0,0.0282,0.0238,0.0414,0.0614,0.0505,0.074,0.0466,0.0442,0.0348,0.0344,0.016139453,-0.038206953,13,0.018156337,133.2728175,0.576362249,4.082080954,0.131458511,0.3705357,-0.104761906,-0.18405628,0.27650726,-0.04023578,3
0,0.0231,0.02,0.034,0.0531,0.0413,0.0567,0.0392,0.0359,0.0277,0.0256,0.021411557,-0.033317,13,0.014544359,199.7013889,0.448053733,4.270172303,0.104661308,0.3937008,-0.090551175,-0.19710144,0.31435645,-0.035852371,3
0,0.0298,0.0226,0.0364,0.0572,0.0501,0.0708,0.0427,0.0405,0.0329,0.0317,0.07104554,-0.040546905,13,0.015979308,299.4255952,0.451195872,4.206585212,0.0980153,0.31494254,-0.04944182,-0.20722887,0.26970032,-0.044253851,3
0,0.024,0.02,0.0372,0.0625,0.0475,0.0696,0.0432,0.0397,0.0301,0.0286,0.030259369,-0.041984365,13,0.014873079,129.5992063,0.089492378,4.245093389,0.095678844,0.4450867,-0.112754144,-0.22422682,0.34989202,-0.045186981,3
0,0.026,0.0207,0.0254,0.0629,0.0481,0.0721,0.0402,0.0393,0.0279,0.0289,0.1632653,-0.044849022,13,0.014609316,218.0605159,0.330403161,4.272235241,0.108755059,0.4150731,-0.03525044,-0.26578948,0.38546255,-0.052604165,3
0,0.0247,0.0213,0.0396,0.0582,0.047,0.0601,0.0397,0.0366,0.0292,0.0268,0.020640561,-0.043876942,13,0.017363079,102.4652778,0.137603223,4.139128686,0.12601898,0.4041013,-0.083487935,-0.23359577,0.3318078,-0.046338071,3
0,0.0245,0.0188,0.0249,0.0523,0.0416,0.0591,0.0329,0.0322,0.0268,0.0274,0.12224109,-0.03395586,13,0.015097474,527.2708333,0.66368736,4.245093389,0.108181985,0.36197916,-0.044834305,-0.21637428,0.32237673,-0.039057005,3
0,0.0264,0.0216,0.0458,0.0642,0.0494,0.0716,0.045,0.0428,0.033,0.0286,-0.019404907,-0.041586372,13,0.01442232,660.0843254,0.700116524,4.270536291,0.086624611,0.41721854,-0.11111111,-0.19902915,0.32098764,-0.042239016,3
0,0.0276,0.0245,0.0413,0.0631,0.05,0.0753,0.0451,0.0448,0.0375,0.0365,-0.007672633,-0.030406225,13,0.017768566,115.6428571,0.081442681,4.117878877,0.142919754,0.39140025,-0.15207376,-0.14285713,0.25447315,-0.031914892,3
0,0.0387,0.033,0.0408,0.0658,0.0479,0.0814,0.0452,0.0392,0.0325,0.031,0.08317697,-0.037972187,13,0.020286124,107.405754,0.288907482,4.037552028,0.100485862,0.25933018,0.08707866,-0.1915423,0.33875895,-0.039800138,3
0,0.0232,0.0184,0.0395,0.0574,0.0457,0.0683,0.0468,0.0469,0.0386,0.0353,-0.06258506,-0.017461014,13,0.021437626,80.6140873,0.148014791,3.956707055,0.12652782,0.42431763,-0.24919096,-0.08422298,0.19583331,-0.018226931,3
0,0.0233,0.0188,0.0345,0.0593,0.0486,0.0676,0.047,0.0456,0.0357,0.0357,0.011963399,-0.030181083,13,0.024882291,42.74702381,0.433794118,3.850600688,0.213436192,0.43583536,-0.21016951,-0.1530249,0.24842106,-0.033116546,3
0,0.0251,0.0187,0.0347,0.0585,0.0448,0.0653,0.0411,0.0406,0.0308,0.0305,0.032496307,-0.03367489,13,0.01617221,142.1428571,0.099822767,4.185072748,0.093409287,0.39952153,-0.1019678,-0.18518516,0.31019038,-0.036483666,3
0,0.0224,0.0181,0.0326,0.0546,0.0407,0.0661,0.038,0.0349,0.028,0.0257,0.020210167,-0.030894227,13,0.016772566,85.4077381,-0.002346402,4.160148941,0.149702933,0.41818184,-0.11111114,-0.1848617,0.32203388,-0.033497447,3
0,0.0224,0.017,0.033,0.053,0.0419,0.0647,0.0335,0.0315,0.026,0.0241,0.042984594,-0.038595982,13,0.016030486,155.8412698,0.214363967,4.196958168,0.136516082,0.40583554,-0.0743802,-0.2341679,0.34177214,-0.041996833,3
0,0.0354,0.0276,0.0305,0.0421,0.0406,0.0581,0.0413,0.0366,0.0346,0.034,0.077250175,-0.014293203,13,0.015156526,197.9672619,0.264452272,4.233727065,0.09021099,0.086451635,0.011428552,-0.07978725,0.09778357,-0.015646734,3
0,0.0485,0.0392,0.0389,0.0726,0.0754,0.0926,0.0736,0.0708,0.0647,0.0675,0.08923079,-0.021830502,13,0.013251134,10815.78869,0.692924493,4.333112079,0.046375114,0.19900906,-0.14310953,-0.07637403,0.057538234,-0.025074212,3
0,0.0253,0.0214,0.029,0.054,0.0444,0.0675,0.0411,0.0394,0.033,0.0321,0.05846621,-0.026342544,13,0.017473309,131.8878968,0.528597131,4.117514888,0.124373101,0.36191678,-0.13207547,-0.14728682,0.24137932,-0.029615516,3
0,0.0361,0.0296,0.0199,0.0576,0.0473,0.0759,0.0523,0.0576,0.0464,0.0456,0.114228465,-0.001905246,13,0.014737261,1304.071429,0.797031081,4.261401456,0.071718302,0.2294557,-0.12484848,-0.009605126,0.10769231,-0.002273877,3
0,0.0295,0.0229,0.0292,0.0496,0.0418,0.069,0.043,0.045,0.0382,0.0376,0.028118247,-0.008411218,13,0.018534266,107.5505952,0.426537655,4.067680718,0.126642644,0.25410873,-0.1285081,-0.045000017,0.12984058,-0.009310348,3
0,0.03,0.0225,0.0256,0.0521,0.0454,0.0646,0.0446,0.0443,0.0406,0.0381,0.064971745,-0.010704726,13,0.01549115,384.7251984,0.464483015,4.215848268,0.075381074,0.26918393,-0.15014167,-0.055813942,0.12405606,-0.012286688,3
0,0.0411,0.0314,0.0113,0.0414,0.0384,0.0522,0.0418,0.0417,0.033,0.0381,0.28432956,-0.011453786,13,0.01430028,1049.375,0.679637301,4.284289212,0.075682634,0.00363638,0.10931173,-0.07563028,0.11290324,-0.014175714,3
0,0.0292,0.0237,0.0333,0.0482,0.0412,0.0516,0.0392,0.0393,0.0314,0.031,0.04219098,-0.023813,13,0.015329743,194.6994048,0.549175311,4.241095733,0.080285257,0.24547802,-0.0363036,-0.13498625,0.2110553,-0.025672377,3
0,0.0284,0.0219,0.0158,0.0457,0.0422,0.0523,0.04,0.0408,0.0343,0.0331,0.16984259,-0.016894781,13,0.017626842,152.5992063,0.518109664,4.132124005,0.136362151,0.23346826,-0.09409887,-0.10326797,0.1425,-0.020555073,3
0,0.0646,0.0422,0.0288,0.0516,0.0477,0.0592,0.0555,0.0612,0.057,0.0616,0.13377081,0.020626333,13,0.012993276,13937.57044,0.33105814,4.348927937,0.009991478,-0.11187605,0.062499985,0.088825226,-0.04972374,0.023069293,3
0,0.0268,0.0219,0.0291,0.056,0.0451,0.0601,0.0423,0.0432,0.0369,0.036,0.04278462,-0.018820292,13,0.020935689,66.09027778,0.346308897,3.983188148,0.193054429,0.35265702,-0.15855573,-0.10000002,0.20559745,-0.021134023,3
0,0.0261,0.0207,0.0329,0.0576,0.0493,0.0649,0.044,0.0444,0.0394,0.0365,0.02098848,-0.022738757,13,0.018040202,98.03869048,0.323582613,4.106148564,0.124577902,0.37634408,-0.20305343,-0.11161218,0.18762885,-0.025225072,3
0,0.0257,0.0181,0.0394,0.0582,0.0472,0.0618,0.0464,0.0474,0.0385,0.039,-0.03315649,-0.021194704,13,0.023890227,41.39980159,0.332558266,3.872059378,0.224750766,0.38736594,-0.19937696,-0.10151694,0.20372286,-0.022281036,3
0,0.0326,0.0247,0.0241,0.0634,0.0459,0.0733,0.0413,0.0417,0.0344,0.0345,0.14598538,-0.02546388,13,0.015278565,264.7271825,0.384288745,4.223088717,0.073331016,0.32083333,-0.026865682,-0.14321291,0.2965235,-0.029725997,3
0,0.0278,0.0231,0.0422,0.0593,0.047,0.0715,0.0389,0.0382,0.0305,0.029,0.014237277,-0.041415658,13,0.01810319,128.7420635,0.384984244,4.099245217,0.152144682,0.3616533,-0.046312194,-0.2129032,0.32071272,-0.042857138,3
0,0.0284,0.0219,0.0443,0.0634,0.0478,0.0708,0.0395,0.0365,0.0324,0.03,-0.003270118,-0.039009068,13,0.014357363,727.7698413,0.526086601,4.282718482,0.079823133,0.3812636,-0.06578948,-0.19201994,0.32359082,-0.039813857,3
0,0.0219,0.017,0.023,0.0588,0.0426,0.0637,0.036,0.0361,0.0318,0.0283,0.0813076,-0.024217411,13,0.015014802,214.2142857,0.435110829,4.241978817,0.10783378,0.45724908,-0.18435757,-0.14516124,0.2980132,-0.028203334,3
0,0.0471,0.0349,0.0246,0.05,0.0406,0.0628,0.0448,0.0455,0.041,0.0392,0.14416178,9.09E-04,13,0.014609316,307.3025794,0.605070404,4.258846309,0.080738865,0.029866124,0.06923949,0.004901952,0.09890109,0.001031635,3
168.6378,0.0591,0.0448,0.0262,0.055,0.0482,0.0717,0.0571,0.0628,0.0502,0.0621,0.16820903,0.004374837,10,0.013205861,13456.91071,0.551015403,4.336550309,0.034358485,-0.03593338,0.08142725,0.020325206,0.04562737,0.00501337,3
128.52762,0.0754,0.0551,0.0301,0.0575,0.0536,0.0712,0.0666,0.0703,0.0634,0.0658,0.15955056,0.021134358,8,0.014184146,102541.6022,0.522699358,4.283601566,0.037670087,-0.13468774,0.086455345,0.0837607,-0.048800655,0.023824964,3
243.54321,0.1467,0.0961,0.0477,0.0784,0.0715,0.1058,0.1601,0.1922,0.1176,0.1968,0.13794002,0.096942417,5,0.012896825,317690.495,0.692443723,4.353741459,9.38E-04,-0.3034207,0.11010213,0.24378633,-0.2,0.100348275,3
314.86465,0.0913,0.0663,0.0373,0.0622,0.058,0.0752,0.0633,0.0686,0.0628,0.0758,0.19727346,0.010609609,6,0.013373173,190145.1141,0.63106329,4.32761091,0.00717187,-0.18957658,0.18494488,0.039735094,-0.004799992,0.011597937,3
90,0.084,0.0636,0.0322,0.0576,0.0574,0.0745,0.0692,0.0788,0.068,0.0752,0.17052977,0.022632173,4,0.013038549,104370.2659,0.774002286,4.345489707,0.009045122,-0.18644068,0.10526312,0.08452954,-0.082802586,0.025423739,3
90,0.0681,0.0547,0.0306,0.0542,0.053,0.0667,0.057,0.0638,0.0581,0.0622,0.15443279,0.011119834,5,0.013205861,74681.08929,0.656682807,4.336550309,0.03394566,-0.11365492,0.07923929,0.045904595,-0.034728397,0.012518411,3
251.64613,0.0886,0.0617,0.0325,0.0578,0.0586,0.0733,0.0651,0.0813,0.0717,0.0842,0.17104219,0.027764821,6,0.013829837,329867.5258,0.594272712,4.304230946,0.031797835,-0.21038254,0.10542734,0.10053721,-0.10733591,0.031175626,3
153.32639,0.0984,0.0707,0.0337,0.0556,0.0625,0.0778,0.0919,0.0976,0.0701,0.1032,0.21571589,0.015934923,6,0.012967687,282393.9772,0.575258942,4.349615583,0.006682589,-0.27792206,0.1679525,0.05731525,-0.115354046,0.018020871,3
270,0.1021,0.0714,0.0234,0.0494,0.053,0.0739,0.1021,0.1038,0.0842,0.1084,0.18081461,0.063585234,6,0.013038549,443675.1925,0.586216316,4.345489707,0.001107562,-0.34785476,0.09608158,0.22740526,-0.26047903,0.073446334,3
333.3264,0.1498,0.0977,0.036,0.0609,0.0638,0.0976,0.1334,0.1583,0.1074,0.1753,0.19663866,0.089329618,6,0.012993276,239410.002,0.571003432,4.348927937,0.011449768,-0.42192692,0.16485226,0.2546729,-0.27629235,0.097437427,3
270,0.1471,0.0958,0.0399,0.0612,0.0637,0.0937,0.1366,0.1514,0.0886,0.1529,0.2425582,0.053134746,6,0.013591664,322626.1577,0.596881521,4.31729622,0.02765612,-0.41238597,0.24819686,0.16349313,-0.18291056,0.05725894,3
26.67351,0.1451,0.0864,0.0388,0.0606,0.0574,0.0985,0.1231,0.1271,0.0995,0.1431,0.18838027,0.091291529,3,0.012967687,243989.8581,0.628480961,4.349615583,0.006268595,-0.4107924,0.1864268,0.26832378,-0.24297313,0.096133356,3
270,0.1361,0.0872,0.0342,0.0563,0.0554,0.0879,0.13,0.1575,0.12,0.1616,0.107897006,0.135044735,5,0.012896825,408242.6101,0.60809151,4.353741459,1.95E-04,-0.4147609,0.062866054,0.36830103,-0.36131594,0.143470533,3
270,0.1104,0.0686,0.0115,0.0453,0.0475,0.0756,0.0964,0.1196,0.0678,0.1043,0.33136594,0.040069482,7,0.012896825,411921.7788,0.612947121,4.353741459,0.001992408,-0.41811174,0.23905723,0.17606245,-0.198939,0.049488057,3
213.81493,0.1095,0.0626,0.0221,0.0375,0.0391,0.0618,0.0905,0.1015,0.0698,0.1132,0.23575884,0.067404379,7,0.012896825,367381.2956,0.586614012,4.353741459,0.003423761,-0.4897959,0.22141664,0.28191,-0.30102512,0.075628178,3
90,0.0591,0.0472,0.0268,0.0642,0.0522,0.0804,0.0543,0.0565,0.0504,0.0515,0.18090186,-0.003870636,4,0.014943941,93532.07143,0.656664547,4.246104693,0.04889218,0.041362535,0.07945204,-0.017543865,0.12041884,-0.004480586,3
180,0.0551,0.0436,0.033,0.0602,0.0536,0.0803,0.0538,0.0601,0.0517,0.0514,0.12409514,-0.004219219,-1,0.01387511,20906.31845,0.209644624,4.300792716,0.04909047,0.04423241,0.03183522,-0.018043673,0.075960666,-0.004708406,3
270,0.108,0.0682,0.0381,0.0716,0.0599,0.1087,0.1251,0.1524,0.0756,0.1471,0.19247161,0.034152703,3,0.013727482,290508.3254,0.824342494,4.30698153,0.02582506,-0.20267263,0.17647061,0.11586714,-0.027173918,0.037057429,3
0,0.0687,0.0524,0.0358,0.0558,0.0604,0.0787,0.0602,0.064,0.0664,0.0619,0.1162992,0.012927685,0,0.013160588,24894.14286,0.423683002,4.339988539,0.01459148,-0.10361448,0.017024439,0.04731859,-0.08674305,0.014358641,3
180,0.0603,0.0463,0.0339,0.0545,0.0572,0.0763,0.0571,0.0608,0.0575,0.0606,0.12494016,6.54E-04,0,0.013064138,8737.10119,0.5769453,4.344802061,0.024167585,-0.05052266,0.023769092,0.002615531,-0.026785735,7.32E-04,3
0,0.0634,0.0468,0.0236,0.0576,0.0579,0.0704,0.0575,0.0635,0.0601,0.0582,0.18341462,0.004469728,0,0.013469624,2634.157738,0.486360957,4.322797388,0.02049856,-0.047933895,0.026720647,0.018644068,-0.021240454,0.005339806,3
0,0.0481,0.0375,0.0206,0.0506,0.0532,0.0716,0.0574,0.0598,0.0518,0.0553,0.1663788,-0.002877102,0,0.013276723,3212.792659,0.626009136,4.332424433,0.036308266,0.025329296,-0.037037067,-0.01333331,-0.011718767,-0.003471068,3
0,0.0488,0.0396,0.0216,0.0518,0.0491,0.0665,0.0488,0.0518,0.0453,0.0468,0.18810679,-0.008065203,0,0.013662525,2916.9375,0.270514176,4.313170344,0.028127469,0.029821096,0.03719447,-0.040254246,0.06694132,-0.009589505,3
0,0.0554,0.0419,0.0293,0.0492,0.0516,0.0682,0.0533,0.0576,0.052,0.055,0.13648432,8.76E-04,0,0.013327901,2432.958333,0.176336815,4.331049141,0.027491182,-0.05927343,0.03165734,0.003860997,-0.02766801,9.94E-04,3
165.90118,0.0417,0.0323,0.034,0.0646,0.0578,0.0773,0.0499,0.0593,0.0501,0.0505,0.083877996,-0.016857869,5,0.015310059,93105.47024,0.658839993,4.229601188,0.042353236,0.215428,-0.09150323,-0.071362376,0.12641674,-0.018999835,3
90,0.0368,0.0301,0.0295,0.0638,0.0543,0.0734,0.0444,0.0465,0.038,0.0381,0.14880203,-0.035665836,2,0.01323145,7826.302579,0.36463511,4.335862663,0.029184553,0.26838964,-0.016042754,-0.17659806,0.25343812,-0.041279758,3
153.32861,0.0377,0.0287,0.0374,0.0584,0.0546,0.0659,0.0448,0.0474,0.0407,0.0442,0.08333334,-0.031945212,4,0.013540486,2724.422619,0.818108505,4.318671512,0.069450657,0.21540062,-0.038265288,-0.1458552,0.17860748,-0.035024359,3
270,0.0332,0.0251,0.0337,0.0632,0.0579,0.0726,0.0471,0.0516,0.046,0.0415,0.06674473,-0.026081621,0,0.013327901,2642.618056,0.718124327,4.331049141,0.031279617,0.3112033,-0.16161618,-0.11453321,0.15750913,-0.029557874,3
90,0.0306,0.0233,0.0305,0.0637,0.0558,0.0784,0.0457,0.0538,0.0436,0.0399,0.0766355,-0.026529809,0,0.013276723,761.2638889,0.784224876,4.332424433,0.050354403,0.3510074,-0.17520216,-0.1227364,0.18732524,-0.030530525,3
314.86716,0.0309,0.023,0.0298,0.0629,0.0546,0.0745,0.0457,0.0485,0.038,0.0439,0.1154599,-0.036336576,0,0.013707798,1224.844246,0.776096462,4.309732114,0.04646268,0.3411514,-0.103047885,-0.17926568,0.246779,-0.042018229,3
0,0.0347,0.0265,0.0306,0.0597,0.0532,0.0655,0.0442,0.0464,0.0424,0.0394,0.09260409,-0.023849484,0,0.014286502,1205.723214,0.582501254,4.280850982,0.062778545,0.26483053,-0.0998703,-0.11297072,0.16944174,-0.027199464,3
0,0.0314,0.0244,0.0355,0.0559,0.0518,0.0605,0.0375,0.0419,0.033,0.036,0.096901774,-0.043617469,0,0.013205861,1032.554563,0.5908028,4.336550309,0.023938016,0.2806415,-0.024844736,-0.22169814,0.2575928,-0.048221618,3
0,0.0299,0.0216,0.0294,0.0567,0.0508,0.0614,0.0361,0.0372,0.0313,0.0305,0.1414427,-0.043698455,0,0.013566075,432.8174603,0.683108497,4.317983866,0.03691792,0.3094688,-0.022875838,-0.23751521,0.28863633,-0.050249094,3
0,0.0316,0.0246,0.0352,0.0688,0.0568,0.0729,0.0427,0.0478,0.0392,0.0376,0.08599508,-0.039426523,0,0.013205861,1299.959325,0.834356955,4.336550309,0.031120216,0.37051797,-0.107344665,-0.18333334,0.27407408,-0.044295302,3
108.355385,0.0307,0.0231,0.0372,0.0648,0.052,0.0711,0.043,0.0445,0.0375,0.0361,0.050825916,-0.03386268,5,0.014042423,335.4107143,0.638452614,4.291853318,0.065184461,0.35706806,-0.09970676,-0.16201116,0.26686215,-0.036895673,3
225.13283,0.0311,0.0243,0.0341,0.0592,0.055,0.0663,0.0446,0.0487,0.0396,0.0375,0.07759699,-0.034564798,3,0.014042423,328.7380952,0.596579837,4.291853318,0.062632287,0.31118494,-0.120226316,-0.1627907,0.19838057,-0.038849647,3
45.132797,0.032,0.0265,0.0455,0.0732,0.0648,0.0886,0.0575,0.0641,0.0517,0.0448,-0.002061833,-0.029793045,0,0.01421564,765.0803571,0.697243349,4.284976858,0.06413664,0.39163497,-0.23536438,-0.11244637,0.17213772,-0.031873484,3
0,0.0546,0.0354,0.0235,0.0516,0.0396,0.066,0.0586,0.0622,0.0531,0.0628,0.103044495,0.030283999,0,0.012993276,393013.1419,0.516297376,4.348927937,0.007661374,-0.028248575,0.01392757,0.14563107,-0.01432664,0.034165686,3
0,0.0313,0.0244,0.0396,0.0664,0.0672,0.0755,0.0436,0.0479,0.0406,0.0392,0.10240625,-0.057987435,0,0.015998992,200.5049603,0.636855106,4.200200961,0.101675562,0.35926303,-0.12934633,-0.24675322,0.24112147,-0.065646584,3
0,0.0312,0.0232,0.0342,0.0636,0.0606,0.0745,0.0464,0.0513,0.0419,0.0401,0.09350803,-0.040687554,0,0.014331774,485.8501984,0.814819483,4.277412752,0.093582313,0.3417722,-0.14637487,-0.18243901,0.20568721,-0.046556016,3
0,0.0335,0.0258,0.0422,0.0686,0.0623,0.0682,0.0431,0.0445,0.0382,0.0373,0.087400705,-0.054997722,0,0.015876953,302.4950397,0.384797541,4.197450376,0.05126772,0.34378058,-0.06555087,-0.23980102,0.28464422,-0.060199838,3
314.86703,0.0435,0.0335,0.0436,0.072,0.0624,0.0739,0.0536,0.0577,0.0469,0.0526,0.078411385,-0.03541076,0,0.013829837,65403.45337,0.761498696,4.304230946,0.019366207,0.24675325,-0.03761064,-0.1418115,0.21110174,-0.038158537,3
326.18713,0.0819,0.0639,0.0465,0.066,0.0646,0.0934,0.0865,0.0919,0.0433,0.099,0.23994921,-0.049207595,5,0.013701893,140585.88,0.828557103,4.307669176,0.029148163,-0.107505076,0.30830672,-0.197405,0.20768528,-0.052557985,3
0,0.0411,0.032,0.039,0.0625,0.0568,0.0592,0.0417,0.0389,0.0383,0.038,0.1175799,-0.042563962,0,0.015258881,43294.0744,0.404169139,4.235466345,0.069619315,0.20656371,0.03526447,-0.19453207,0.24007936,-0.046630819,3
326.18716,0.0804,0.0587,0.0493,0.0732,0.0678,0.0865,0.061,0.0718,0.0461,0.0667,0.21674876,-0.050085396,3,0.013804249,218859.8065,0.774704459,4.304918592,0.039365716,-0.04687497,0.2711462,-0.19051798,0.22715843,-0.053021661,3
0,0.0549,0.0416,0.0466,0.0674,0.0673,0.0759,0.0567,0.0594,0.0512,0.059,0.110909104,-0.036408866,0,0.014164462,71297.3244,0.729808684,4.28635215,0.036580416,0.102207676,0.03487279,-0.13586499,0.13659361,-0.039046081,3
90,0.0336,0.0257,0.0216,0.0472,0.0404,0.064,0.0428,0.0448,0.038,0.0368,0.10778442,-0.005364806,2,0.014833711,479.4375,0.584012909,4.264839686,0.056740364,0.16831687,-0.061452515,-0.030612241,0.10798126,-0.006224066,3
0,0.0314,0.025,0.0225,0.0461,0.0436,0.0606,0.0363,0.0389,0.0336,0.032,0.14416476,-0.022193621,0,0.015020707,519.2748016,0.523946632,4.247156327,0.100078487,0.18967746,-0.033846155,-0.12953371,0.15683818,-0.02598753,3
314.8668,0.0317,0.0243,0.027,0.0503,0.0425,0.0591,0.0353,0.0382,0.0349,0.0356,0.09037474,-0.017472876,1,0.014396731,3324.34623,0.575085249,4.271223937,0.076133602,0.22682925,-0.048048023,-0.09819124,0.18075117,-0.019743684,3
0,0.041,0.0301,0.0314,0.0516,0.0476,0.0602,0.045,0.0491,0.0472,0.0456,0.059808623,-9.11E-04,0,0.014138873,31481.55952,0.575075343,4.287039796,0.054460073,0.11447085,-0.07029479,-0.004219402,0.04453441,-0.001008741,3
0,0.0347,0.0258,0.0245,0.048,0.0396,0.0706,0.0512,0.0534,0.046,0.0419,0.026243089,0.014547439,0,0.014209735,1276.448413,0.64205344,4.28291392,0.076671167,0.16082227,-0.1400248,0.07476636,0.021276599,0.016393443,3
0,0.0345,0.0255,0.0233,0.0556,0.0492,0.0711,0.0472,0.0496,0.042,0.04,0.123489924,-0.015484535,0,0.014853395,304.7083333,0.735829687,4.25383735,0.077307964,0.23418424,-0.098039225,-0.07894736,0.13934426,-0.018267927,3
180,0.0384,0.0274,0.0278,0.0607,0.0579,0.0836,0.0669,0.0724,0.0587,0.0567,0.053610522,0.001670004,0,0.013134999,2162.883929,0.543654068,4.340676185,0.02714806,0.22502519,-0.20906278,0.006861052,0.016750421,0.001946153,3
0,0.0378,0.0274,0.0302,0.0518,0.0465,0.0665,0.0481,0.051,0.0458,0.0464,0.05177791,-0.001593373,0,0.01387511,6242.927579,0.804327289,4.300792716,0.060961966,0.15625003,-0.0956938,-0.007583973,0.06147542,-0.001772752,3
0,0.0186,0.017,0.0172,0.0305,0.0304,0.0609,0.021,0.0243,0.017,0.0285,0.1778846,-0.031296711,0,0.014382952,2892.300595,0.52364139,4.285664504,0.077447375,0.24236253,0.044943795,-0.28270042,0.2842105,-0.036719034,3
0,0.0279,0.0236,0.0332,0.0593,0.0456,0.0539,0.0334,0.0352,0.0297,0.0273,0.07771262,-0.037702743,22,0.014583727,232.0972222,0.686800305,4.259533955,0.092998282,0.36009178,-0.03125001,-0.21115538,0.3325843,-0.041456634,3
0,0.0257,0.0233,0.0224,0.0449,0.0343,0.0468,0.0299,0.0332,0.0278,0.0249,0.08892922,-0.015249625,22,0.015863174,187.139881,0.257294192,4.205897566,0.120759693,0.2719547,-0.03925234,-0.10466989,0.23521322,-0.017345668,3
0,0.0235,0.0217,0.0377,0.0683,0.0509,0.0692,0.03,0.0357,0.0256,0.0264,0.08061002,-0.060338664,22,0.014010928,254.7569444,0.679799798,4.295615206,0.08636272,0.48801744,-0.04276986,-0.33071896,0.4547391,-0.065828279,3
0,0.0389,0.0315,0.0258,0.0457,0.039,0.0583,0.0425,0.0493,0.0393,0.0362,0.08951049,6.95E-04,19,0.014512865,1399.128968,0.584427728,4.263659831,0.085898315,0.08037825,-0.005115081,0.003831387,0.07529412,7.78E-04,3
0,0.0202,0.0178,0.0109,0.0384,0.0336,0.0411,0.0305,0.031,0.0246,0.0225,0.2049272,-0.019660098,10,0.015632874,475.5257937,0.593072085,4.21896284,0.15684247,0.31058025,-0.09821429,-0.15463917,0.21904765,-0.024184879,3
0,0.0184,0.0159,0.0189,0.0329,0.0339,0.0369,0.0226,0.0248,0.0184,0.0192,0.16741072,-0.035877968,10,0.013424351,255.7549603,0.823607975,4.326235618,0.066672351,0.2826511,0,-0.2963671,0.2826511,-0.042096686,3
0,0.027,0.0224,0.0246,0.044,0.0376,0.0402,0.0306,0.0323,0.0249,0.0239,0.13234006,-0.029784238,10,0.06122449,21.56051587,0.432553429,3.383310438,0.395693775,0.23943661,0.04046243,-0.20319998,0.27721334,-0.033866664,3
0,0.0255,0.0233,0.0129,0.0436,0.044,0.0444,0.0365,0.0366,0.0324,0.0313,0.21080138,-0.024173715,10,0.026541635,42.95436508,0.085100531,3.764725112,0.196572038,0.26193923,-0.11917101,-0.15183245,0.14736842,-0.030187367,3
0,0.0264,0.0221,0.0086,0.0358,0.0329,0.0361,0.0281,0.0315,0.0259,0.0278,0.26439232,-0.015101832,10,0.025092908,18.10019841,0.790193359,3.922803519,0.320052628,0.15112539,0.009560213,-0.119047634,0.16045378,-0.018790268,3
0,0.0282,0.0224,0.0101,0.0296,0.0312,0.0371,0.0301,0.0337,0.0262,0.0277,0.2413793,-0.01098756,10,0.021108907,40.19642857,0.472502497,3.997305056,0.232782046,0.024221445,0.03676471,-0.08710799,0.060931895,-0.013455326,3
0,0.022,0.0191,0.0432,0.0664,0.0564,0.0604,0.0298,0.0321,0.0244,0.0222,0.073972605,-0.077011941,0,0.013798343,385.9642857,0.483013093,4.311107406,0.086755683,0.5022624,-0.051724132,-0.3960396,0.46255508,-0.082644632,3
0,0.0204,0.0183,0.037,0.0644,0.058,0.0586,0.0307,0.038,0.0277,0.0283,0.09573724,-0.068976505,0,0.01583168,465.9047619,0.760841391,4.208284162,0.10019591,0.5188679,-0.15176712,-0.35355893,0.39847994,-0.077599451,3
0,0.03,0.0234,0.0392,0.0652,0.062,0.0656,0.0428,0.0436,0.0386,0.0392,0.083627775,-0.052391182,0,0.016217482,733.968254,0.739769658,4.240408087,0.080370479,0.3697479,-0.12536447,-0.23260435,0.25626203,-0.058441552,3
0,0.0224,0.0189,0.039,0.0702,0.0656,0.069,0.0407,0.0466,0.0367,0.0308,0.075137444,-0.063499739,0,0.014634905,358.1378968,0.779151487,4.266410415,0.083003891,0.51619875,-0.24196278,-0.28250244,0.31337702,-0.071974102,3
0,0.0246,0.0229,0.0428,0.0672,0.0612,0.0654,0.0465,0.0446,0.0432,0.0394,-0.001164164,-0.04130714,0,0.014331774,1746.508929,0.658108281,4.277412752,0.071195692,0.4640523,-0.2743363,-0.17241378,0.21739128,-0.0446724,3
0,0.0238,0.02,0.0378,0.0681,0.0614,0.0646,0.0341,0.0353,0.0329,0.0332,0.09300833,-0.063741273,0,0.01745953,53.80952381,0.806146102,4.129177984,0.109051034,0.48204568,-0.16049385,-0.3022269,0.34851483,-0.071933362,3
0,0.0253,0.0207,0.0359,0.0643,0.0616,0.0646,0.0299,0.0319,0.0288,0.0283,0.14643799,-0.072620999,0,0.015689957,128.5882937,0.448916521,4.203146982,0.120036688,0.43526787,-0.064695,-0.36283186,0.38131043,-0.083333334,3
225.14325,0.0346,0.0228,0.0246,0.0562,0.0505,0.0544,0.0374,0.037,0.0372,0.0369,0.15861133,-0.028770445,4,0.013707798,67449.12202,0.611738848,4.309732114,0.0344765,0.23788546,-0.036211688,-0.15165338,0.20342614,-0.033945895,3
0,0.0287,0.0211,0.0257,0.0543,0.0499,0.0541,0.0348,0.0349,0.0383,0.0324,0.10238429,-0.025328615,3,0.013540486,64976.59226,0.623980191,4.318671512,0.026134465,0.30843374,-0.14328359,-0.13151926,0.17278616,-0.029581772,3
134.85686,0.0355,0.0281,0.0244,0.0572,0.0526,0.066,0.0299,0.0339,0.0336,0.0328,0.20602329,-0.040730581,3,0.013566075,51574.82639,0.623618337,4.317983866,0.040541406,0.23408844,0.027496416,-0.22041765,0.2599119,-0.048618222,3
134.8569,0.0336,0.0284,0.0248,0.0565,0.0501,0.0531,0.0374,0.0399,0.0375,0.0426,0.14657532,-0.027341371,5,0.013920383,27148.49504,0.40248326,4.297354486,0.061928652,0.25416204,-0.05485236,-0.14383559,0.20212764,-0.032164731,3
161.47902,0.0294,0.0231,0.0234,0.0526,0.0512,0.0536,0.0389,0.0438,0.0366,0.0354,0.14651492,-0.03124197,5,0.013940067,8138.389881,0.143177338,4.294603902,0.048950436,0.28292683,-0.10909092,-0.16628699,0.17937218,-0.037257564,3
134.8569,0.027,0.0246,0.028,0.0572,0.05,0.0541,0.0405,0.0417,0.0366,0.0356,0.087570615,-0.029735486,0,0.016770597,1935.880952,0.217110544,4.161692784,0.115683632,0.35866982,-0.1509434,-0.1547344,0.21961619,-0.034265256,3
281.255,0.0297,0.0217,0.0302,0.0612,0.0558,0.0599,0.0472,0.0495,0.0396,0.04,0.10109464,-0.035281816,5,0.014132968,3814.914683,0.38190202,4.29322861,0.065344303,0.34653467,-0.14285715,-0.16981131,0.21428572,-0.040812895,3
180,0.0291,0.0198,0.0186,0.0556,0.0493,0.0569,0.0252,0.0309,0.026,0.0233,0.27479675,-0.049268374,0,0.013713703,102369.4782,0.644359789,4.311795052,0.048950076,0.31286892,0.056261346,-0.30942893,0.36274508,-0.060750911,3
225.14308,0.0271,0.0202,0.0155,0.0536,0.0536,0.061,0.0337,0.0354,0.0257,0.0273,0.3240361,-0.056658948,3,0.01310941,852.8730159,0.561186399,4.341363831,0.06045742,0.32837668,0.026515177,-0.3518285,0.3518285,-0.07224236,3
45.14304,0.0233,0.0211,0.026,0.0589,0.0545,0.0619,0.0309,0.0363,0.0263,0.0262,0.19600306,-0.060865059,-1,0.014062106,1848.149802,0.611977128,4.289102734,0.097151459,0.43309003,-0.06048388,-0.3490099,0.3826291,-0.072830575,3
0,0.024,0.0213,0.0334,0.0594,0.0604,0.0688,0.0453,0.0531,0.0388,0.0372,0.0779055,-0.046927957,0,0.014416415,994.7837302,0.632158549,4.268473353,0.043878918,0.4244604,-0.2356688,-0.21774194,0.20977595,-0.054072097,3
0,0.0249,0.0185,0.0314,0.0622,0.0578,0.0652,0.0429,0.0507,0.0467,0.0381,0.028606962,-0.023963726,0,0.014873079,370.0843254,0.254520009,4.250230569,0.050187897,0.42824337,-0.30446926,-0.106220074,0.14233239,-0.027543419,3
270,0.0218,0.0196,0.0291,0.0556,0.0592,0.0628,0.0408,0.0452,0.0393,0.0329,0.08433735,-0.042295434,0,0.01528447,11475.9623,0.52184644,4.233403407,0.065345392,0.4366925,-0.2864157,-0.20203048,0.17175975,-0.049874691,3
0,0.0231,0.0184,0.03,0.0676,0.0604,0.0661,0.0504,0.0531,0.0428,0.0387,0.068458095,-0.037281816,0,0.016745008,247.4365079,0.489510249,4.161524233,0.076638006,0.49062842,-0.2989378,-0.17054263,0.22463764,-0.043766578,3
270,0.0444,0.028,0.0162,0.054,0.0498,0.0533,0.0354,0.0407,0.04,0.0405,0.2526596,-0.020126514,1,0.012993276,256530.2669,0.668560912,4.348927937,0.011591544,0.097561,0.052132703,-0.109131426,0.1489362,-0.024923708,3
180,0.0429,0.0307,0.0204,0.0575,0.0504,0.0557,0.044,0.0508,0.0382,0.0459,0.22843976,-0.025682051,4,0.013180272,140727.0516,0.625261967,4.337237955,0.01058251,0.14541833,0.05795316,-0.13769753,0.20167191,-0.031090728,3
63.54954,0.0546,0.0357,0.0235,0.0488,0.049,0.0564,0.054,0.0616,0.0408,0.0542,0.23406789,-0.017694526,4,0.012896825,301968.0446,0.540203988,4.353741459,0.001994512,-0.056092855,0.14465408,-0.091314,0.08928569,-0.02085452,3
90,0.0971,0.0626,0.0201,0.0455,0.0416,0.0648,0.0787,0.0793,0.0393,0.0864,0.4003029,-0.005052062,3,0.012896825,412431.7202,0.581204798,4.353741459,0.001626949,-0.36185133,0.42375368,-0.028430182,0.07311322,-0.005939064,3
45.14354,0.0736,0.0466,0.0176,0.0524,0.0447,0.0696,0.0747,0.0863,0.0436,0.0849,0.31810585,-0.002330904,6,0.013038549,320680.746,0.651669265,4.345489707,0.013714425,-0.16825397,0.2559727,-0.012457531,0.09166667,-0.002804691,3
116.45029,0.0568,0.0394,0.0218,0.0532,0.0472,0.0597,0.0446,0.0544,0.0383,0.0592,0.2675198,-0.019214166,1,0.012896825,344962.8879,0.585796663,4.353741459,0.004035072,-0.032727286,0.19453207,-0.10409358,0.16284151,-0.022801029,3
170.4894,0.0167,0.0129,0.0752,0.1188,0.0932,0.0953,0.0361,0.0383,0.0306,0.0268,0.019007875,-0.152563848,4,0.018412226,128.6934524,0.160970103,4.090305819,0.134617404,0.7535055,-0.29386893,-0.5056543,0.5903614,-0.150529011,3
123.55328,0.0181,0.0127,0.0766,0.12,0.087,0.0853,0.0375,0.039,0.0326,0.0282,-0.019132068,-0.138761346,1,0.014442004,275.8700397,0.606874706,4.272922887,0.092075955,0.7378711,-0.28599605,-0.45484948,0.5727392,-0.131697863,3
0,0.0186,0.016,0.0766,0.1224,0.0952,0.1021,0.0459,0.0454,0.0363,0.0316,0.003970014,-0.142545987,0,0.016018676,219.3829365,0.126371312,4.194335804,0.079737892,0.73617023,-0.32240435,-0.44790876,0.5425331,-0.139904993,3
225.14836,0.0178,0.0142,0.0706,0.099,0.0902,0.105,0.0567,0.0609,0.0484,0.0398,-0.048458166,-0.098575608,0,0.016869016,174.0833333,0.501446275,4.155335419,0.094965826,0.6952055,-0.46223566,-0.3015873,0.3432836,-0.098183526,3
0,0.0154,0.0121,0.067,0.1108,0.0912,0.105,0.0478,0.0535,0.0419,0.0378,-0.010672862,-0.113427204,0,0.016365111,250.9315476,0.314009202,4.179079372,0.084944778,0.75594294,-0.4624782,-0.3703982,0.4512115,-0.116806191,3
0,0.0162,0.0133,0.0816,0.111,0.1114,0.1212,0.0697,0.072,0.058,0.0484,-0.04491018,-0.119795413,0,0.014447909,478.9761905,0.425348099,4.269848645,0.049738541,0.745283,-0.5633423,-0.31523025,0.31360948,-0.119659402,3
243.55269,0.0161,0.0121,0.0778,0.1098,0.0974,0.1075,0.0567,0.0598,0.0476,0.0392,-0.04981162,-0.118741058,-5,0.01659738,149.2113095,0.301307102,4.159461295,0.086911323,0.7442415,-0.4945055,-0.34344828,0.39517155,-0.115813955,3
0,0.0149,0.0124,0.0759,0.1084,0.1004,0.1114,0.0565,0.0628,0.0498,0.0389,-0.043153543,-0.116810565,0,0.018605127,158.7251984,0.231107458,4.087191246,0.092808352,0.75831306,-0.5394127,-0.33688414,0.37041718,-0.116733312,3
45.148846,0.0125,0.0109,0.0628,0.0974,0.0828,0.1065,0.0631,0.0676,0.0555,0.0476,-0.10767789,-0.063118468,-1,0.015516739,234.9494048,0.496980464,4.227902239,0.088080207,0.7725205,-0.63235295,-0.19739696,0.27403533,-0.064154786,3
90,0.0144,0.0137,0.053,0.0831,0.0782,0.0969,0.0565,0.0613,0.0496,0.0436,-0.051229525,-0.063765264,1,0.014943941,488.3244048,0.55977841,4.249219265,0.082104169,0.7046154,-0.55,-0.22378714,0.25244913,-0.068333855,3
0,0.0166,0.0141,0.0634,0.107,0.0795,0.0803,0.0375,0.0379,0.0292,0.0249,0.01854794,-0.122004457,0,0.015786407,160.0962302,0.416769753,4.212578589,0.125602798,0.7313916,-0.2751092,-0.46274146,0.5712188,-0.123952678,3
0,0.0176,0.0153,0.0402,0.0821,0.0646,0.0731,0.0268,0.028,0.0226,0.0199,0.1337931,-0.094705506,0,0.015973403,78.84722222,0.194787287,4.186643478,0.150982261,0.6469408,-0.12437813,-0.48165137,0.56829035,-0.107288822,3
288.34622,0.0215,0.0182,0.0314,0.051,0.0446,0.0512,0.0349,0.0369,0.0314,0.0312,0.025601257,-0.031029619,-2,0.017542202,112.1230159,0.078277247,4.146072363,0.133914908,0.40689653,-0.18714552,-0.17368421,0.23786409,-0.034375,3
90,0.0187,0.0166,0.0424,0.0679,0.0621,0.0671,0.0341,0.0365,0.0271,0.0264,0.075182974,-0.080891189,-2,0.013920383,184.6537698,0.703136005,4.297354486,0.065796216,0.56812936,-0.18340613,-0.3923767,0.4294737,-0.08910387,3
134.8518,0.0189,0.0156,0.0412,0.0628,0.053,0.0562,0.0301,0.0317,0.0272,0.0259,0.024946528,-0.062246669,-2,0.015040391,113.218254,0.095385103,4.241291171,0.10119864,0.5373317,-0.1800434,-0.32169574,0.39555553,-0.066701135,3
0,0.0216,0.0182,0.0326,0.0551,0.053,0.0589,0.0299,0.0301,0.0254,0.0208,0.12518853,-0.062790063,0,0.016308028,81.70833333,0.517372802,4.184176221,0.141808824,0.43676662,-0.08085105,-0.35204083,0.3689441,-0.071576763,3
45.148335,0.0185,0.0158,0.0296,0.0608,0.049,0.0522,0.0265,0.0266,0.0232,0.0229,0.122194506,-0.058893351,-2,0.014666399,199.7361111,0.058216844,4.259533955,0.057744495,0.5334174,-0.11270982,-0.35734072,0.44761905,-0.067633692,3
0,0.0092,0.0054,0.023,0.0566,0.0397,0.0713,0.0313,0.0321,0.0213,0.011,0.04935625,-0.042318312,-2,0.015644684,194.8531746,0.06592496,4.206585212,0.127854937,0.72036475,-0.39672127,-0.30163938,0.4531451,-0.049197867,3
134.85056,0.0195,0.0172,0.0267,0.048,0.044,0.0588,0.0336,0.0368,0.0308,0.0264,0.049586784,-0.030149376,0,0.018843301,127.0496032,0.452444156,4.0846361,0.131678442,0.42222223,-0.22465208,-0.1764706,0.21827412,-0.034446764,3
0,0.0219,0.0171,0.085,0.1222,0.1218,0.1372,0.0794,0.0862,0.0708,0.0607,-0.040400673,-0.109526673,0,0.013971561,218.4871032,0.409151231,4.295979194,0.071252563,0.6960444,-0.5275081,-0.2647975,0.26632124,-0.110453363,3
0,0.0175,0.0133,0.0715,0.114,0.1008,0.1121,0.0574,0.0607,0.0512,0.0409,-0.01825727,-0.11073901,0,0.019571602,123.8958333,0.208963616,4.015015302,0.126623203,0.7338403,-0.49053857,-0.3263158,0.38014528,-0.114110433,3
0,0.0225,0.0198,0.0616,0.0849,0.0944,0.1214,0.089,0.0948,0.0846,0.0663,-0.111364484,-0.020605555,0,0.013180272,3302.02877,0.792684671,4.337237955,0.033034713,0.5810056,-0.5798319,-0.054748613,0.001769898,-0.021649489,3
53.270557,0.0197,0.0187,0.0553,0.0872,0.076,0.0906,0.0513,0.0559,0.047,0.0386,-0.033333343,-0.066620721,-7,0.015201798,181.9146825,0.659502337,4.230288834,0.11409772,0.6314312,-0.40929535,-0.23577236,0.29955292,-0.069823433,3
0,0.0196,0.0159,0.037,0.0437,0.0374,0.0359,0.0251,0.0249,0.0216,0.0247,-0.013840839,-0.040784717,0,0.016500929,85.37202381,0.290174491,4.17626157,0.11832419,0.38072667,-0.048543695,-0.2677966,0.33843794,-0.042397136,3
0,0.0211,0.0169,0.0335,0.0437,0.0432,0.0426,0.0202,0.0216,0.0178,0.0189,0.11245675,-0.061905926,0,0.016211577,83.78968254,0.270269242,4.178715384,0.142827733,0.34876543,0.08483291,-0.41639346,0.4211382,-0.067914443,3
0,0.0192,0.0151,0.0358,0.043,0.035,0.0352,0.0276,0.0294,0.0251,0.0249,-0.058210235,-0.025605214,0,0.017813838,48.10714286,0.078705226,4.117838546,0.143383984,0.38263664,-0.13318282,-0.16472545,0.26284876,-0.026513122,3
0,0.0208,0.0163,0.0357,0.044,0.0342,0.0372,0.0273,0.0276,0.0227,0.0273,-0.02998236,-0.02994324,0,0.014249102,170.6865079,0.781577735,4.285664504,0.103331792,0.3580247,-0.043678172,-0.20210898,0.31934032,-0.030975043,3
0,0.019,0.015,0.0333,0.0416,0.0329,0.0351,0.0273,0.0277,0.0248,0.025,-0.056363642,-0.020823696,0,0.014686083,174.265873,0.182444387,4.256783371,0.087417076,0.37293732,-0.13242012,-0.14038129,0.25301203,-0.021785909,3
0,0.02,0.0167,0.0322,0.041,0.0373,0.0358,0.028,0.0283,0.0237,0.0254,0.012367486,-0.033797219,0,0.014280596,267.8938492,0.179368738,4.278788044,0.078139513,0.34426233,-0.08466822,-0.22295083,0.26738796,-0.036363639,3
0,0.0173,0.0127,0.0356,0.0451,0.0354,0.0363,0.0279,0.0282,0.0236,0.0254,-0.05808758,-0.030443753,0,0.014229419,132.3263889,0.211710595,4.280163336,0.112074095,0.4455128,-0.15403424,-0.19999997,0.31295484,-0.031663681,3
0,0.0231,0.0203,0.0372,0.0416,0.0345,0.0342,0.0212,0.0213,0.0172,0.0207,0.028571414,-0.045757508,0,0.014402636,171.3928571,0.24882442,4.273286875,0.092489331,0.28593507,0.14640197,-0.3346228,0.414966,-0.047036429,3
0,0.0157,0.0139,0.025,0.034,0.0249,0.0263,0.0095,0.0109,0.0079,0.0089,0.104761906,-0.043823471,0,0.013662525,405.2906746,0.594990742,4.313170344,0.069823879,0.3682093,0.33050847,-0.5182927,0.62291175,-0.047860363,3
0,0.0207,0.0193,0.0298,0.0394,0.0317,0.031,0.0183,0.0189,0.0136,0.0176,0.09394573,-0.046159339,0,0.014821901,143.1061508,0.270951745,4.254720433,0.105307987,0.31114808,0.20699708,-0.39955848,0.48679245,-0.049789107,3
0,0.0184,0.0151,0.024,0.0312,0.0281,0.0283,0.0141,0.0175,0.0122,0.015,0.124546565,-0.039718228,0,0.016571791,153.0277778,0.343346259,4.165286121,0.075837126,0.25806448,0.2026144,-0.39454097,0.437788,-0.044142146,3
0,0.0167,0.0166,0.026,0.0338,0.0261,0.0262,0.0064,0.0073,0.0051,0.0072,0.15832205,-0.054308473,0,0.015928131,127.5724206,0.320402159,4.195218888,0.107511328,0.33861384,0.5321101,-0.6730769,0.7377892,-0.059299699,3
0,0.0248,0.0224,0.0329,0.0356,0.0299,0.0278,0.0107,0.0114,0.01,0.0118,0.12090162,-0.052776747,0,0.014158557,552.171627,0.531697832,4.292540964,0.060480044,0.17880791,0.42528737,-0.49874687,0.5614035,-0.055288016,3
0,0.0238,0.0175,0.0253,0.0361,0.037,0.0363,0.0149,0.0114,0.0059,0.0141,0.32173914,-0.074892839,0,0.01335349,2054.146825,0.714764671,4.330361495,0.053705449,0.20534223,0.6026936,-0.72494173,0.7190476,-0.085927427,3
0,0.0269,0.0229,0.038,0.0414,0.0384,0.0338,0.0188,0.016,0.0156,0.016,0.09840205,-0.05931322,0,0.015811996,198.6180556,0.577122783,4.203639191,0.128433534,0.21229868,0.26588237,-0.42222226,0.4526316,-0.061732858,3
0,0.0262,0.0219,0.0265,0.0363,0.0322,0.0309,0.0154,0.0187,0.0148,0.0148,0.17151456,-0.043101315,0,0.014949846,356.1736111,0.283197555,4.243030451,0.07310188,0.1616,0.27804878,-0.3702128,0.42074364,-0.047714811,3
0,0.025,0.0213,0.0335,0.0392,0.0356,0.0317,0.0152,0.0152,0.0103,0.0143,0.16091953,-0.065028528,0,0.014776628,159.0109127,0.788386743,4.249906911,0.075620614,0.22118379,0.4164306,-0.55119824,0.5838384,-0.069518224,3
0,0.0248,0.0226,0.0326,0.0426,0.035,0.0315,0.0172,0.0181,0.0128,0.0165,0.13688214,-0.056731065,0,0.01647534,137.1180556,0.559478028,4.173214215,0.109397168,0.26409492,0.31914896,-0.46443516,0.5379061,-0.06078861,3
0,0.0236,0.021,0.0346,0.0368,0.032,0.0297,0.0149,0.0162,0.0122,0.0148,0.085937515,-0.052397591,0,0.015953719,122.7202381,0.152146686,4.20864815,0.135318654,0.21854304,0.3184358,-0.44796383,0.5020408,-0.054575528,3
0,0.0206,0.0162,0.0249,0.0314,0.0253,0.0239,0.0106,0.0117,0.0091,0.0103,0.14893615,-0.041574705,0,0.01506598,605.9871032,0.467165144,4.243718097,0.089848236,0.20769228,0.3872054,-0.47093022,0.5506173,-0.045471555,3
0,0.0279,0.0209,0.0343,0.0426,0.0394,0.0394,0.0285,0.0289,0.0243,0.0284,0.069102466,-0.037620211,0,0.013753071,193.0853175,0.642371712,4.306293884,0.083384472,0.20851064,0.06896551,-0.23704867,0.27354258,-0.040180948,3
0,0.0291,0.0212,0.0346,0.0448,0.0392,0.0382,0.0277,0.0305,0.0244,0.0292,0.07305578,-0.036996303,0,0.014564043,193.2688492,0.589689913,4.262284539,0.105369038,0.21244922,0.08785049,-0.23270442,0.2947977,-0.039389641,3
0,0.0218,0.0153,0.0386,0.0493,0.0543,0.0593,0.0244,0.0278,0.0219,0.0204,0.11420203,-0.076545075,0,0.014428225,521.4126984,0.473619122,4.272599229,0.072407905,0.3867792,-0.002288326,-0.42519686,0.38483146,-0.084345711,3
0,0.0268,0.0195,0.0394,0.0481,0.0422,0.0396,0.0257,0.0264,0.0179,0.0219,0.09263657,-0.062269372,0,0.017016645,381.9722222,0.688488304,4.157398357,0.188327207,0.28437918,0.19910514,-0.40432614,0.45757577,-0.065077664,3
0,0.0315,0.0226,0.0358,0.0419,0.0364,0.0365,0.0275,0.0274,0.0251,0.0284,0.05434785,-0.028974362,0,0.014294375,369.8650794,0.683841015,4.282226274,0.07046171,0.14168939,0.113074206,-0.18373986,0.25074628,-0.030187002,3
0,0.0217,0.0174,0.0356,0.0436,0.0378,0.0376,0.0265,0.0271,0.022,0.0246,0.016225453,-0.040232225,0,0.015638779,145.2916667,0.515377307,4.214149318,0.121821889,0.3353752,-0.006864977,-0.26421404,0.3292683,-0.042336547,3
0,0.0233,0.0174,0.0314,0.0373,0.0337,0.0367,0.0285,0.0278,0.0235,0.0267,0.018766774,-0.025752376,0,0.017504803,299.5297619,0.679155119,4.146396021,0.171464093,0.23102313,-0.004273497,-0.1783217,0.22697373,-0.027458726,3
0,0.0232,0.0188,0.0371,0.0447,0.0402,0.0376,0.0266,0.0286,0.0226,0.0256,0.030056858,-0.044645117,0,0.015097474,73.0625,0.654958457,4.236841637,0.172051491,0.31664214,0.013100415,-0.28025475,0.32838038,-0.04690831,3
0,0.0234,0.0201,0.0356,0.0471,0.04,0.0401,0.0292,0.0281,0.0239,0.0247,0.031733107,-0.04037516,0,0.017717388,47.74503968,0.535862601,4.128881213,0.18814113,0.33617023,-0.010570846,-0.25195616,0.32676056,-0.042826739,3
0,0.0232,0.017,0.0334,0.0424,0.0386,0.0411,0.0314,0.0333,0.0276,0.0277,0.006514677,-0.027262818,0,0.017357174,122.1785714,0.569103953,4.15206574,0.143225528,0.29268292,-0.08661418,-0.16616316,0.21142857,-0.029141651,3
0,0.0232,0.0168,0.0318,0.0441,0.042,0.0425,0.033,0.0339,0.0298,0.03,0.028391149,-0.029234161,0,0.01605017,232.1309524,0.066370103,4.207077421,0.102782428,0.3105498,-0.124528304,-0.16991644,0.19350475,-0.032004197,3
0,0.026,0.0184,0.04,0.0448,0.0387,0.0379,0.0278,0.0288,0.0249,0.0284,-0.001543207,-0.036046387,0,0.014949846,77.48412698,0.551023539,4.248167631,0.158733814,0.2655367,0.021611001,-0.21698111,0.2855093,-0.036728173,3
0,0.0282,0.0205,0.0364,0.0429,0.0374,0.0372,0.0229,0.0228,0.0208,0.0218,0.0684039,-0.04268669,0,0.017841396,54.51388889,0.645344885,4.154735663,0.133948664,0.20675105,0.15102042,-0.28522336,0.34693876,-0.044607667,3
0,0.026,0.0212,0.0219,0.0319,0.032,0.0312,0.0195,0.0204,0.0155,0.0187,0.21593294,-0.039539903,0,0.013707798,130.3978175,0.715507995,4.309732114,0.112079559,0.10189982,0.25301206,-0.34736845,0.34599155,-0.045205484,3
0,0.0238,0.0179,0.0226,0.0339,0.0243,0.0232,0.0125,0.0156,0.0107,0.0128,0.18181817,-0.03444782,0,0.013424351,549.3452381,0.647767587,4.326235618,0.075880452,0.17504331,0.37971014,-0.3885714,0.52017933,-0.038130839,3
0,0.025,0.0185,0.0277,0.0337,0.032,0.0283,0.0151,0.0141,0.0151,0.0116,0.14228459,-0.042277483,0,0.014016834,339.8075397,0.729953797,4.292540964,0.091126367,0.14821124,0.24688278,-0.35881105,0.38114753,-0.046335225,3
0,0.0268,0.0236,0.0326,0.0364,0.0361,0.0353,0.0209,0.0213,0.0166,0.0206,0.122212306,-0.049307172,0,0.018746851,90.80555556,0.636672518,4.106445335,0.155203678,0.15189877,0.23502304,-0.370019,0.37358493,-0.05292202,3
0,0.0267,0.0185,0.0306,0.0381,0.0383,0.0388,0.0284,0.0298,0.0246,0.0234,0.08153079,-0.033417897,0,0.016308028,128.2083333,0.123821877,4.177016434,0.146108511,0.17592594,0.040935677,-0.21780606,0.21531102,-0.036507375,3
0,0.0277,0.0227,0.0354,0.0424,0.036,0.0351,0.0281,0.0302,0.0264,0.0266,0.015139432,-0.024567506,0,0.016146621,184.3333333,0.639449934,4.200524618,0.105701432,0.20970042,0.024029568,-0.15384613,0.23255813,-0.025604548,3
0,0.023,0.0184,0.0212,0.0299,0.0312,0.0435,0.0357,0.0355,0.0303,0.0323,0.025543984,-0.002125646,0,0.014255008,380.3472222,0.534216122,4.27947569,0.073787053,0.13043477,-0.13696061,-0.014634121,-0.006644538,-0.00240427,3
0,0.0255,0.0214,0.0382,0.0443,0.0401,0.0394,0.0303,0.0302,0.0268,0.0287,0.004594202,-0.033897445,0,0.021752567,42.86111111,0.467426973,3.992619755,0.267369898,0.269341,-0.02485659,-0.19880421,0.24613224,-0.035191396,3
0,0.0214,0.016,0.0324,0.0392,0.0364,0.0377,0.0278,0.0272,0.0228,0.0236,0.023008859,-0.034061313,0,0.017481182,65.73015873,0.679755207,4.177508642,0.186480719,0.29372936,-0.031674195,-0.22972974,0.26451612,-0.03648069,3
0,0.0304,0.0235,0.0431,0.0493,0.0443,0.0431,0.0298,0.0303,0.0263,0.0288,0.03678003,-0.046446821,0,0.019384606,44.88095238,0.291311696,4.05382025,0.161793976,0.23713927,0.07231041,-0.25495753,0.3042328,-0.047318615,3
0,0.027,0.0216,0.0437,0.045,0.0412,0.0408,0.0315,0.0315,0.0278,0.0286,-0.023622021,-0.035365535,0,0.033275463,10.12103175,0.492562845,3.559086338,0.357712142,0.25,-0.014598515,-0.19420291,0.23626377,-0.035325136,3
0,0.0237,0.0203,0.0338,0.0377,0.0363,0.0377,0.0238,0.0262,0.0195,0.0243,0.059135053,-0.042691602,0,0.01659738,59.75099206,0.439143672,4.168569244,0.167692882,0.22801302,0.097222224,-0.30107525,0.3181818,-0.045340049,3
0,0.0245,0.019,0.0338,0.0414,0.038,0.0384,0.0252,0.0227,0.0189,0.0219,0.08506945,-0.048067242,0,0.018451594,45.98611111,0.686901732,4.088438318,0.218741134,0.2564492,0.12903225,-0.3356766,0.37313434,-0.0514455,3
0,0.0268,0.0201,0.0332,0.0399,0.0354,0.0365,0.0228,0.0211,0.0174,0.0215,0.10283687,-0.045880912,0,0.015741134,78.30952381,0.325370214,4.211398734,0.199503729,0.19640183,0.21266966,-0.34090906,0.39267015,-0.048842256,3
0,0.0223,0.0172,0.0298,0.0354,0.0356,0.0376,0.0271,0.0275,0.0237,0.0235,0.03949729,-0.029345035,0,0.014756944,154.7073413,0.162597114,4.260909247,0.112204695,0.2270364,-0.030434811,-0.2006745,0.19796953,-0.031914889,3
0,0.021,0.015,0.026,0.0349,0.0349,0.0374,0.0236,0.0226,0.0175,0.0208,0.12474847,-0.042155244,0,0.013495213,133.9087302,0.450472744,4.322109742,0.074709577,0.2486583,0.09090908,-0.33206105,0.33206105,-0.047248366,3
0,0.0228,0.018,0.0294,0.0401,0.0394,0.0415,0.025,0.0258,0.0218,0.0229,0.09700176,-0.042401465,0,0.014873079,181.8809524,0.411147693,4.253345141,0.128440647,0.27503973,0.022421528,-0.28758168,0.29563814,-0.047042052,3
0,0.0233,0.017,0.0388,0.0476,0.047,0.048,0.0348,0.0362,0.0282,0.0324,0.024034932,-0.046114595,0,0.014648684,813.6587302,0.50215952,4.258482321,0.078673019,0.34273627,-0.09514565,-0.24999997,0.25593668,-0.04902642,3
0,0.0146,0.0174,0.0123,0.0166,0.0155,0.0109,0.0034,0.0018,0.0019,0.0033,0.3589165,-0.033910137,3,0.027964774,43.23710317,0.508237764,3.773064754,0.260788666,0.064102545,0.76969695,-0.7816092,0.7945946,-0.039427908,3
0,0.0155,0.0123,0.0106,0.0186,0.0141,0.0129,0.0072,0.0081,0.005,0.0067,0.30973452,-0.022522523,3,0.015207703,272.3541667,0.72041452,4.227214593,0.087626846,0.0909091,0.5121951,-0.4764398,0.5762712,-0.026295513,3
0,0.0135,0.0108,0.0099,0.0155,0.0118,0.0106,0.0051,0.0034,0.0034,0.0051,0.31088084,-0.021001051,3,0.016353301,132.7093254,0.338517914,4.17957158,0.113435939,0.068965495,0.5976331,-0.5526316,0.64021164,-0.024456523,3
0,0.0125,0.012,0.008,0.0171,0.0128,0.0111,0.0048,0.0029,0.0013,0.0038,0.46242774,-0.028238876,3,0.024978741,145.8382937,0.601597633,3.948050984,0.163611063,0.15540542,0.8115942,-0.81560284,0.8586957,-0.033553782,3
0,0.0139,0.0118,0.0094,0.018,0.0124,0.012,0.0059,0.0057,0.0034,0.0049,0.34526855,-0.022336941,3,0.023744567,45.64285714,0.541468351,3.905847652,0.255100948,0.12852664,0.6069364,-0.56962025,0.682243,-0.026172936,3
0,0.0122,0.0135,0.0151,0.0195,0.018,0.0176,0.0062,0.0054,0.0022,0.0038,0.2715789,-0.039620842,2,0.015432099,621.5793651,0.090985506,4.224956217,0.092662475,0.23028393,0.6944444,-0.7821782,0.797235,-0.045559398,3
0,0.012,0.0116,0.0166,0.0213,0.0194,0.0178,0.0055,0.0046,0.0032,0.004,0.22656251,-0.040699429,2,0.036456365,264.4722222,-0.071814353,3.562447394,0.350355412,0.27927926,0.57894737,-0.71681416,0.7387755,-0.04649828,3
314.83746,0.0142,0.017,0.0142,0.0168,0.021,0.0142,0.0058,0.0026,0.0023,0.0029,0.3617021,-0.045752593,3,0.021179768,1266.09127,0.51315301,3.994035377,0.190619514,0.08387095,0.7212121,-0.8025751,0.7591623,-0.053602139,3
0,0.0111,0.0109,0.0096,0.0152,0.0122,0.0111,0.002,0.0018,0.0015,0.0032,0.35465112,-0.026677969,3,0.131607851,21.01289683,0.427581819,2.895623711,0.453809333,0.15589355,0.7619048,-0.7810219,0.8203593,-0.031243916,3
0,0.0137,0.0115,0.0097,0.0156,0.0125,0.0109,0.0044,0.0048,0.0039,0.0061,0.31658292,-0.021368584,2,0.027868323,491.6597222,0.143205677,3.819256088,0.293562657,0.064846404,0.5568182,-0.5243903,0.6,-0.024980636,3
0,0.0146,0.0122,0.0121,0.0136,0.0117,0.0103,0.0065,0.007,0.0063,0.0073,0.17673378,-0.013695155,2,0.024862607,57.43650794,0.560437612,3.907736309,0.233734379,-0.035460997,0.3971292,-0.29999998,0.36683416,-0.015637065,3
0,0.0228,0.0182,0.0074,0.0144,0.0096,0.0133,0.0099,0.0129,0.0107,0.0108,0.28316832,0.002715245,2,0.016733198,366.1309524,0.810401757,4.162535537,0.158340687,-0.22580647,0.361194,0.05418719,0.14741033,0.003171247,3
0,0.0187,0.0173,0.0122,0.0238,0.0166,0.0187,0.0109,0.012,0.009,0.0109,0.24955752,-0.018680563,2,0.016398573,63.87896825,0.851858085,4.170139974,0.161762325,0.12000001,0.35018054,-0.296875,0.45121953,-0.021689498,3
116.435486,0.0207,0.0163,0.0167,0.0294,0.0292,0.0273,0.0207,0.0213,0.0136,0.0161,0.24438904,-0.036669645,3,0.015020707,104.5605159,0.666794961,4.238904575,0.132744801,0.1736527,0.20699708,-0.36448598,0.36744186,-0.043109802,3
0,0.0169,0.0149,0.0079,0.015,0.0118,0.0098,0.0065,0.0078,0.0055,0.0083,0.36342043,-0.015485965,2,0.013849521,978.594246,0.671821668,4.301480362,0.063616091,-0.05956112,0.50892854,-0.36416188,0.46341464,-0.018267931,3
0,0.0158,0.0127,0.0082,0.0142,0.0127,0.0124,0.0067,0.0084,0.0075,0.0098,0.28959274,-0.012717668,2,0.018406321,100.3412698,0.684478876,4.086739368,0.180113079,-0.053333305,0.35622317,-0.25742576,0.3087558,-0.014994233,3
296.43533,0.0156,0.0125,0.0087,0.0175,0.0125,0.0122,0.007,0.0089,0.0072,0.0109,0.27727273,-0.013029157,2,0.016075759,268.3333333,0.68132819,4.183892894,0.086607795,0.05740183,0.36842105,-0.26903555,0.41700405,-0.015297288,3
11.372575,0.0401,0.0358,0.0185,0.0266,0.03,0.0321,0.0251,0.0297,0.0307,0.0296,0.1751886,0.00163254,2,0.013038549,6647.514881,0.544963666,4.345489707,0.007261579,-0.20239882,0.13276838,0.011532136,-0.07155324,0.001872661,3
0,0.0151,0.0135,0.0126,0.0215,0.0166,0.0183,0.0079,0.0086,0.0072,0.0106,0.23106797,-0.023214462,2,0.01778825,83.37301587,0.574111266,4.108380053,0.145044363,0.1748634,0.35426012,-0.394958,0.49825785,-0.026918671,3
0,0.015,0.0165,0.0112,0.0138,0.0094,0.0107,0.005,0.0058,0.0046,0.0091,0.21393035,-0.012282497,2,0.020169989,110.5515873,0.289452394,4.018102987,0.166486202,-0.04166666,0.53061223,-0.34285712,0.5,-0.014007781,3
0,0.0177,0.0196,0.0083,0.017,0.0144,0.0105,0.0053,0.0049,0.0049,0.0099,0.41721854,-0.023079539,2,0.023398132,129.3105159,0.040732187,3.910338001,0.218158978,-0.020172875,0.5663717,-0.49222797,0.55251145,-0.027440785,3
0,0.0165,0.0156,0.0059,0.0133,0.0109,0.0094,0.0057,0.007,0.0068,0.0092,0.36658353,-0.009971302,2,0.044365316,22.875,0.260587755,3.492797859,0.313468888,-0.10738256,0.416309,-0.23163842,0.32338306,-0.011879467,3
0,0.0219,0.0212,0.0034,0.0218,0.0182,0.0184,0.0143,0.014,0.0088,0.0097,0.5334608,-0.021510299,2,0.034678918,18.75992063,0.373166283,3.644129929,0.325056089,-0.002288326,0.4267101,-0.34814817,0.4248366,-0.02675522,3
0,0.0164,0.0163,0.0026,0.0164,0.0118,0.012,0.0041,0.0077,0.0061,0.0085,0.5284553,-0.013476453,2,0.048341443,37.93650794,0.490553181,3.565408594,0.302340023,0,0.4577778,-0.3184358,0.4577778,-0.01650898,3
0,0.013,0.0153,0.0068,0.015,0.0099,0.0114,0.0056,0.0085,0.0058,0.0087,0.29014084,-0.010106488,2,0.026858544,89.88888889,0.42768956,3.888461549,0.202797495,0.07142855,0.38297874,-0.2611465,0.44230768,-0.011925538,3
0,0.013,0.0118,0.004,0.0149,0.0101,0.0083,0.0053,0.0071,0.0033,0.0088,0.5197368,-0.016442595,2,0.033988017,30.89186508,0.203512449,3.609720947,0.285690589,0.06810034,0.59509206,-0.5074627,0.63736266,-0.019867549,3
0,0.0158,0.0138,0.0153,0.018,0.0123,0.0126,0.0061,0.008,0.0068,0.0086,0.119521886,-0.014236164,2,0.015548233,1727.78869,0.677300429,4.217392111,0.083660998,0.06508876,0.39823008,-0.2879581,0.4516129,-0.01589289,3
0,0.0166,0.0125,0.0094,0.018,0.0156,0.021,0.0124,0.0148,0.0103,0.0094,0.24084777,-0.012821752,2,0.016146621,4435.632937,0.56706323,4.194531242,0.161129379,0.040462416,0.23420073,-0.20463318,0.27208477,-0.015116941,3
0,0.0153,0.0126,0.007,0.0177,0.0143,0.0161,0.0082,0.009,0.0049,0.0053,0.426506,-0.02263533,2,0.051252677,12.70436508,0.491593632,3.354505777,0.38738369,0.07272726,0.5148515,-0.4895833,0.5663717,-0.027157164,3
0,0.0142,0.0126,0.0085,0.0157,0.0134,0.0121,0.0037,0.0047,0.0037,0.0074,0.38693464,-0.023766354,2,0.051288108,11.85912698,0.768184135,3.359062471,0.410144623,0.050167203,0.5865922,-0.56725144,0.6185567,-0.02813769,3
0,0.0147,0.0114,0.005,0.0199,0.0132,0.0145,0.007,0.0089,0.0063,0.0066,0.4234694,-0.016459923,2,0.031181107,35.48809524,0.71503815,3.804696955,0.321180268,0.150289,0.4,-0.35384616,0.519084,-0.019923003,3
0,0.0138,0.0159,0.0122,0.0185,0.0175,0.0192,0.0115,0.0124,0.0066,0.0069,0.249501,-0.026713068,2,0.028738347,115.4454365,0.235605455,3.857672585,0.209591459,0.14551085,0.3529412,-0.45228216,0.4741036,-0.031196337,3
0,0.0151,0.0132,0.0117,0.0195,0.0174,0.0202,0.0121,0.0122,0.007,0.007,0.26953125,-0.025399306,2,0.023413879,39.93353175,0.563386381,3.926113529,0.234261168,0.12716763,0.36651585,-0.4262295,0.4716981,-0.029748284,3
0,0.0138,0.0127,0.0088,0.0192,0.0156,0.0158,0.0087,0.0087,0.0055,0.0043,0.34553775,-0.024441002,2,0.042448114,29.22519841,0.228828904,3.531815478,0.2717834,0.16363639,0.4300518,-0.47867298,0.5546559,-0.029073113,3
0,0.0266,0.0199,0.0141,0.0212,0.0218,0.02,0.0135,0.0139,0.0082,0.0081,0.36916548,-0.03290588,2,0.170412494,1445.46627,0.017747157,2.444800086,0.581967217,-0.11297072,0.52873564,-0.45333335,0.44217685,-0.038490567,3
0,0.0264,0.0188,0.0146,0.0225,0.0216,0.0204,0.0137,0.0138,0.0088,0.0082,0.34453782,-0.031101177,2,0.033950617,16.41369048,0.661589037,3.620211902,0.31714372,-0.079754576,0.5,-0.42105263,0.4376997,-0.036199097,3
0,0.0176,0.0179,0.0144,0.022,0.0202,0.0179,0.0046,0.006,0.003,0.0073,0.36956522,-0.042314503,2,0.029868197,46.40178571,0.419808188,3.842165002,0.250322543,0.11111111,0.70873785,-0.7413793,0.76,-0.049311924,3
0,0.0139,0.0119,0.0051,0.016,0.0127,0.0115,0.008,0.0081,0.0068,0.0073,0.38181818,-0.01411821,1,0.023679611,22.27579365,0.793158714,3.932821438,0.285341474,0.07023415,0.34299517,-0.30256408,0.40350878,-0.01703561,3
0,0.0169,0.0134,0.0049,0.0236,0.0187,0.0175,0.012,0.0122,0.0095,0.0116,0.424,-0.021199134,1,0.017028455,48.23710317,0.63669361,4.163755722,0.159878172,0.16543214,0.28030303,-0.32624114,0.4259819,-0.026126468,3
0,0.0149,0.0125,0.0105,0.0204,0.0145,0.0143,0.0091,0.0099,0.0085,0.0112,0.21487601,-0.014752887,1,0.016308028,70.7906746,0.54862819,4.168764682,0.145060238,0.15580739,0.27350426,-0.26086953,0.4117647,-0.01720841,3
0,0.0135,0.011,0.0051,0.0133,0.0115,0.0117,0.0083,0.0087,0.0091,0.0092,0.2755102,-0.005770062,1,0.021915942,115.219246,0.288227234,4.05029413,0.222935726,-0.007462709,0.19469026,-0.11650483,0.18749997,-0.006915097,3
0,0.0175,0.0171,0.0144,0.0224,0.0189,0.0179,0.0108,0.0068,0.0056,0.0072,0.29078016,-0.032888229,1,0.030379976,38.1547619,0.730113561,3.799247137,0.296269217,0.122806996,0.5151515,-0.54285717,0.6,-0.038036224,3
0,0.0255,0.0175,0.0188,0.0214,0.0213,0.0219,0.0148,0.0167,0.0116,0.0112,0.21243523,-0.024288861,2,0.015981277,73.61805556,0.811450536,4.212774026,0.140918552,-0.08742001,0.37466308,-0.29483283,0.2969697,-0.027303432,3
150.13959,0.44465,0.42375,0.0961,0.1536,0.2284,0.2607,0.2851,0.29865,0.293,0.3202,0.26733512,0.083133869,18,0.013347584,12328.62996,0.670092888,4.328298556,0.01530007,-0.4865023,0.20558527,0.12389721,-0.31213614,0.094869793,4
90,0.4381,0.4168,0.09575,0.1541,0.24106666,0.2699,0.28232,0.29923335,0.3016,0.3183,0.2617857,0.074553044,16,0.013038549,15080.73413,0.771529506,4.345489707,0.005605643,-0.4795677,0.18453427,0.11154793,-0.32367787,0.087084415,4
153.3277,0.4228,0.3947,0.1039,0.1614,0.2416,0.2646,0.26855,0.2829,0.287,0.3051,0.25916803,0.057986554,20,0.013205861,10690.75397,0.422838706,4.336550309,0.024926751,-0.4474495,0.1913215,0.08588724,-0.28010702,0.066206485,4
134.86613,0.4022,0.3688,0.0995,0.1498,0.218,0.24763334,0.24756667,0.263725,0.2646,0.28726667,0.26018488,0.063788451,19,0.013327901,9731.337302,0.78815836,4.331049141,0.017366102,-0.4572464,0.20635873,0.09656033,-0.27702704,0.071137819,4
333.32764,0.4009,0.3919,0.09211667,0.154,0.2302,0.2569,0.27926,0.29113334,0.2912,0.309,0.24426188,0.076960953,20,0.012896825,31754.38492,0.547404294,4.353741459,0.004030596,-0.44494504,0.1585031,0.11699275,-0.30817613,0.089582953,4
296.45807,0.408,0.3924,0.09204,0.15486667,0.2368,0.2673,0.27553332,0.2898,0.291,0.302975,0.25466996,0.067029444,19,0.012896825,19399.86111,0.755877804,4.353741459,0.006003274,-0.44972166,0.16738196,0.10269043,-0.30532297,0.079101004,4
288.35474,0.3699,0.34885,0.0925,0.14208,0.2128,0.22354,0.2443,0.2631,0.2586,0.27518332,0.24801883,0.06217251,15,0.012896825,22046.1994,0.751802385,4.353741459,0.004941724,-0.44497833,0.17708829,0.097157404,-0.29080564,0.07072267,4
213.81407,0.3969,0.335,0.0943,0.1532,0.2394,0.2636,0.28165,0.3008,0.31,0.3109,0.2229483,0.086555677,21,0.012993276,29031.40774,0.540826756,4.348927937,0.008781611,-0.44301036,0.1229311,0.12850383,-0.3385147,0.100914813,4
270,0.3916,0.3729,0.092075,0.1484,0.2288,0.2637,0.2635,0.28305,0.2734,0.3015,0.2585774,0.057014668,22,0.012896825,52644.80853,0.466152496,4.353741459,0.002310031,-0.4503704,0.17774436,0.08880926,-0.29634902,0.066753157,4
116.45806,0.4542,0.4231,0.0906,0.1522,0.2374,0.2841,0.29525,0.3109,0.2945,0.3189,0.28466612,0.069996076,17,0.013064138,23659.90575,0.772927002,4.344802061,0.020189658,-0.49802113,0.21330307,0.107351005,-0.3185583,0.083002227,4
333.32764,0.4009,0.3919,0.092,0.1516,0.2308,0.2569,0.27926,0.29113334,0.2864,0.309,0.25076726,0.070159483,20,0.012967687,31149.07937,0.72312845,4.349615583,0.013443823,-0.4512217,0.16659394,0.10750191,-0.30776253,0.081989758,4
63.541714,0.3567,0.3128,0.0922,0.1358,0.1889,0.2282,0.2507,0.2684,0.2565,0.2867,0.22017218,0.099505438,25,0.013038549,31542.17659,0.519130349,4.345489707,0.00157507,-0.4485279,0.16340508,0.1517737,-0.3076727,0.107256207,4
180,0.37275,0.3667,0.07915,0.1454,0.2144,0.2507,0.2588,0.2666,0.2654,0.2831,0.26038426,0.065111647,22,0.013379078,14240.8006,0.416224358,4.329673848,0.010998974,-0.43877256,0.16822067,0.10629429,-0.29211292,0.078077158,4
0,0.321875,0.3066,0.0704,0.1348,0.199,0.21795,0.21145,0.226,0.234,0.2382,0.2623065,0.046052627,19,0.012896825,64335.42361,0.63317864,4.353741459,0.004134783,-0.40964583,0.15808411,0.0808314,-0.26898047,0.056270091,4
156.70448,0.29913333,0.27896667,0.1503,0.1968,0.23595,0.2329,0.2318,0.2401,0.2574,0.250825,0.1351141,0.034689674,6,0.012896825,132527.7401,0.670847349,4.353741459,0.00209709,-0.20634495,0.07498801,0.043478288,-0.13342142,0.032390416,4
140.06294,0.1833,0.1566,0.1498,0.1984,0.2304,0.22936666,0.2134,0.22016667,0.2434,0.22126667,0.02540588,0.02163349,0,0.015203793,196079.7451,0.721976744,4.216419849,0.033505987,0.039559867,-0.14084835,0.027437732,-0.101856016,0.020024641,4
140.06294,0.3113,0.2641,0.1614,0.2116,0.2568,0.2725,0.2771,0.2809,0.2768,0.2916,0.12908675,0.031111959,5,0.013874606,217591.4643,0.566516358,4.280645025,0.001827389,-0.19066744,0.058663495,0.03748128,-0.13349713,0.029024783,4
147.8744,0.2932,0.2575,0.1614,0.2212,0.2656,0.27485,0.25916666,0.27515,0.2687,0.2799,0.13014458,0.004691863,6,0.018685345,264513.0557,0.277285853,3.984502897,3.82E-04,-0.13996886,0.043602034,0.005801999,-0.09695856,0.004495806,4
187.15796,0.2844,0.2556,0.1556,0.1928,0.236,0.262,0.24696,0.2556,0.2436,0.2598,0.13179643,0.012729456,6,0.018493037,48272.58746,0.674012744,3.994308076,0.028842344,-0.19195303,0.07727271,0.015846528,-0.116406955,0.011637395,4
126.74187,0.2791,0.24563333,0.1623,0.2055,0.2442,0.2489,0.2358,0.24836667,0.2562,0.25971666,0.1112763,0.019944786,11,0.018464826,126492.7997,0.334615743,4.000547859,0.01835772,-0.15187782,0.042779777,0.023980776,-0.10981152,0.017992772,4
225.13345,0.29086667,0.26265,0.1344,0.17735,0.212,0.2289,0.22005,0.2304,0.229,0.2417,0.16099739,0.028466183,11,0.015587501,105771.0381,0.200411082,4.166190919,0.011416447,-0.24244475,0.119004875,0.038548764,-0.12710717,0.027098838,4
219.93686,0.2709,0.243,0.1578,0.192,0.2336,0.2301,0.2236,0.23385,0.2532,0.2425,0.10213,0.033303862,9,0.017818268,133391.2679,0.390410391,4.049292928,0.026081562,-0.1704472,0.03377221,0.04026292,-0.1374663,0.029793255,4
165.90083,0.2858,0.2606,0.1176,0.146,0.1894,0.21045,0.20476666,0.21542,0.2186,0.2288,0.17130885,0.049558728,5,0.016083003,69899.61647,0.252851843,4.146693376,0.030611622,-0.32376102,0.1332276,0.07156863,-0.19912234,0.048237889,4
192.58542,0.27904,0.2456,0.14644,0.18605,0.22095,0.21253334,0.20453334,0.22156666,0.2322,0.23723334,0.13811277,0.019268959,7,0.015724911,186216.5744,0.255690627,4.15569763,0.00196747,-0.19993982,0.09162039,0.024826193,-0.11034071,0.017704437,4
90,0.3559,0.2784,0.0662,0.1144,0.183,0.2069,0.2268,0.2411,0.2188,0.237,0.30816847,0.049167714,23,0.012993276,8458.235119,0.651821739,4.348927937,0.015784867,-0.513502,0.23855925,0.08909904,-0.31332532,0.059547564,4
116.45761,0.3923,0.3124,0.089,0.1478,0.2132,0.2406,0.2527,0.2659,0.264,0.2767,0.26343244,0.06770805,22,0.012896825,24849.31548,0.516495371,4.353741459,0.004191523,-0.45269397,0.19548988,0.106454305,-0.2821758,0.077977889,4
134.86552,0.3625,0.2793,0.0794,0.1224,0.1886,0.2189,0.2323,0.2412,0.2278,0.237,0.2841664,0.055558695,21,0.013611347,4975.695437,0.646111267,4.314545636,0.03961291,-0.49515364,0.22818908,0.09414023,-0.30097085,0.064164109,4
134.86559,0.3627,0.2698,0.0908,0.1306,0.187,0.2224,0.2404,0.2447,0.2396,0.2583,0.24917622,0.078245858,25,0.013444035,4933.1875,0.616227829,4.323485034,0.02629708,-0.47050473,0.20438318,0.12330051,-0.29443544,0.085150004,4
146.18576,0.3599,0.2891,0.0773,0.1278,0.1886,0.2177,0.2232,0.2319,0.2154,0.2249,0.3040894,0.037911998,24,0.013636936,13178.24008,0.630491293,4.31385799,0.033737595,-0.4759073,0.25117332,0.06633662,-0.25524473,0.044469013,4
243.54231,0.3947,0.3134,0.0788,0.1412,0.2106,0.2409,0.2452,0.2539,0.2436,0.2666,0.30494773,0.043053951,21,0.013251134,3939.294643,0.66441431,4.333112079,0.012581719,-0.473036,0.23672254,0.0726552,-0.26611224,0.051875905,4
134.86562,0.363,0.2765,0.0961,0.1378,0.207,0.2342,0.2469,0.2629,0.2592,0.2657,0.23203285,0.073296083,25,0.013257039,10990.50992,0.603029372,4.335175017,0.0150231,-0.44968054,0.16682738,0.11196912,-0.3057935,0.081039129,4
161.48428,0.3296,0.2433,0.0946,0.1426,0.2168,0.2372,0.2347,0.2467,0.2472,0.2448,0.23035353,0.041338037,17,0.013089727,8988.177579,0.495778486,4.344114415,0.007144537,-0.39601865,0.14285716,0.065517224,-0.26834273,0.047302894,4
108.3545,0.3453,0.261,0.0903,0.1508,0.2124,0.2444,0.2457,0.2485,0.2288,0.2504,0.2721259,0.022454057,18,0.013276723,8460.164683,0.395895287,4.332424433,0.030915179,-0.392058,0.20292631,0.037171338,-0.20547943,0.026136838,4
161.48431,0.3142,0.2224,0.106,0.1534,0.2142,0.2322,0.2386,0.2451,0.2136,0.2363,0.24622644,-8.80E-04,16,0.013302312,8612.0625,0.527515221,4.331736787,0.009367914,-0.34388366,0.19060254,-0.001402548,-0.16403267,-9.70E-04,4
134.8657,0.3587,0.2661,0.1082,0.1512,0.2212,0.257,0.2548,0.2628,0.243,0.2608,0.24562347,0.030988793,12,0.013469624,16828.7004,0.287552354,4.322797388,0.009642834,-0.40694255,0.19228852,0.046962507,-0.23287672,0.03391412,4
218.7909,0.355,0.2678,0.1078,0.155,0.2212,0.251,0.2678,0.2666,0.2478,0.2628,0.23674609,0.037645044,16,0.013347584,11751.86508,0.640157861,4.328298556,0.036618705,-0.39215684,0.17783676,0.056716394,-0.23038727,0.041176453,4
278.0926,0.3345,0.2421,0.11,0.1536,0.2198,0.2374,0.2477,0.2554,0.2486,0.2536,0.21437179,0.04132233,12,0.012896825,20224.33135,0.697065588,4.353741459,0.002888269,-0.3706208,0.14731608,0.06148593,-0.23620088,0.044609682,4
270,0.3245,0.2649,0.11,0.143,0.1936,0.2334,0.233,0.2334,0.2066,0.2317,0.2414041,0.021060129,10,0.012896825,20427.59921,0.602261853,4.353741459,0.003607086,-0.38823527,0.22199209,0.03248375,-0.18192217,0.021661847,4
270,0.3557,0.2652,0.0871,0.135,0.1916,0.2235,0.2348,0.2395,0.2364,0.2473,0.25700504,0.064637136,19,0.013566075,4710.224206,0.453980258,4.317983866,0.010218336,-0.44976562,0.20148623,0.104672894,-0.27302098,0.072413791,4
225.13437,0.3825,0.3081,0.0916,0.1434,0.225,0.2452,0.2576,0.2657,0.2526,0.266,0.2766628,0.036020073,19,0.013302312,8493.545635,0.573982056,4.331736787,0.032841016,-0.45464918,0.20453468,0.057788987,-0.2757576,0.042348639,4
71.645546,0.3504,0.2845,0.0961,0.1486,0.2056,0.2309,0.24,0.2548,0.2492,0.2695,0.23377343,0.061859779,25,0.013205861,9924.077381,0.516832953,4.336550309,0.021509364,-0.4044088,0.16877918,0.09586633,-0.2528909,0.068496033,4
270,0.349,0.2932,0.0824,0.1312,0.203,0.2277,0.2344,0.2512,0.2414,0.2515,0.26056176,0.05213426,26,0.01323145,17680.65476,0.487839547,4.335862663,0.012586962,-0.453561,0.18224932,0.08640866,-0.29575953,0.06099112,4
180,0.3629,0.2969,0.0922,0.1362,0.2056,0.24,0.2499,0.2629,0.248,0.2624,0.25123802,0.059214575,26,0.014428225,10157.19246,0.662364424,4.272599229,0.039224456,-0.45421758,0.18808314,0.09347443,-0.2909943,0.066694636,4
116.457634,0.3573,0.2911,0.0772,0.1172,0.1776,0.2146,0.2292,0.2319,0.223,0.2412,0.2810442,0.066389813,27,0.013327901,5291.14881,0.736378712,4.331049141,0.027637674,-0.5060063,0.23143202,0.11333003,-0.31099352,0.07561627,4
236.43388,0.3346,0.2747,0.0939,0.135,0.2006,0.2287,0.2261,0.2413,0.2352,0.2525,0.23845886,0.049868849,15,0.014377047,14679.13492,0.422159357,4.273974521,0.038368445,-0.42504257,0.17444716,0.07939423,-0.27066448,0.055460576,4
326.18576,0.3438,0.2774,0.099,0.1484,0.2234,0.2464,0.2457,0.2615,0.259,0.2642,0.22611327,0.047929354,15,0.013951877,16271.91369,0.486006617,4.298729778,0.028216714,-0.39699313,0.14067684,0.073797695,-0.2714777,0.054356688,4
191.36176,0.3405,0.2825,0.1066,0.148,0.2088,0.242,0.2465,0.2523,0.2534,0.2595,0.20818213,0.065330748,27,0.013373173,6475.857143,0.423902963,4.32761091,0.014810482,-0.39406344,0.14665769,0.09649501,-0.26258096,0.069528157,4
150.13918,0.3138,0.2615,0.0874,0.1324,0.1806,0.2107,0.2127,0.2258,0.2046,0.2194,0.2573754,0.036748948,19,0.013463719,7472.977183,0.57956281,4.32587163,0.016515443,-0.40654415,0.21064815,0.062305305,-0.21424332,0.040668782,4
108.35446,0.3189,0.2626,0.0852,0.1252,0.1888,0.2215,0.2156,0.2231,0.2026,0.2261,0.27642992,0.020337177,17,0.012993276,4797.574405,0.457579466,4.348927937,0.015518098,-0.436163,0.22301053,0.035258036,-0.23611958,0.02322189,4
101.25835,0.3462,0.294,0.0816,0.134,0.2038,0.231,0.2385,0.2439,0.2334,0.2431,0.27167627,0.040125814,26,0.012993276,11509.17659,0.583484811,4.348927937,0.010562225,-0.44189918,0.19461696,0.06770359,-0.2705498,0.047375175,4
143.001,0.2819,0.2463,0.0836,0.1276,0.1732,0.2008,0.1974,0.2094,0.19,0.2056,0.24907368,0.026213958,15,0.013398762,6134.16369,0.800053019,4.326923264,0.039793097,-0.37680095,0.19474463,0.04625551,-0.19647355,0.0291937,4
158.10577,0.3185,0.2626,0.098,0.1452,0.2122,0.2301,0.2256,0.234,0.2248,0.2338,0.24358524,0.017867278,9,0.013707798,8246.551587,0.538942459,4.309732114,0.028152898,-0.37373304,0.17246458,0.028832963,-0.21513514,0.020170765,4
260.58115,0.3587,0.2792,0.0791,0.1318,0.2154,0.2333,0.2491,0.2578,0.23,0.2436,0.30004528,0.018920261,16,0.012896825,16150.68353,0.773340725,4.353741459,0.00453471,-0.4625892,0.21861729,0.032779545,-0.2714207,0.023164812,4
225.13443,0.3664,0.2873,0.0896,0.1338,0.1932,0.2315,0.2374,0.2505,0.2434,0.259,0.25386512,0.072518178,24,0.013707798,8285.782738,0.764957267,4.309732114,0.030884062,-0.465014,0.2017055,0.11497936,-0.29056203,0.080397158,4
172.84184,0.3586,0.2872,0.1116,0.1784,0.251,0.2721,0.2743,0.279,0.2688,0.2773,0.23151515,0.022964191,12,0.013205861,8852.905754,0.620576116,4.336550309,0.018921275,-0.33556798,0.14313038,0.03424395,-0.2021467,0.02618161,4
99.41885,0.3224,0.2702,0.1214,0.1688,0.206,0.2436,0.2558,0.2687,0.2542,0.2726,0.16902654,0.076280323,11,0.013386383,12657.43658,0.228496948,4.321383427,0.012689767,-0.3127036,0.118279554,0.104737096,-0.20189129,0.07529683,4
185.2187,0.3173,0.2636,0.1368,0.1876,0.2266,0.2394,0.2412,0.2592,0.2574,0.2624,0.15957785,0.048397234,6,0.014532771,26639.53643,0.698749314,4.23882059,0.009201633,-0.25688255,0.104228266,0.06363636,-0.15685394,0.046951219,4
153.32736,0.3073,0.241,0.0955,0.139,0.1858,0.2285,0.2338,0.2459,0.2298,0.2489,0.20503421,0.067553044,13,0.013345293,15789.96027,0.704073179,4.324747861,0.00481306,-0.37710062,0.14429343,0.10587103,-0.24620391,0.072083879,4
333.32736,0.3276,0.2499,0.1052,0.1604,0.2082,0.2403,0.2409,0.257,0.237,0.264,0.22050112,0.042422831,14,0.013683825,14430.58013,0.682226182,4.304477399,0.012940014,-0.34262294,0.16046758,0.06469005,-0.1927529,0.04570463,4
170.494,0.3184,0.2511,0.0868,0.1222,0.17,0.2125,0.2146,0.2236,0.213,0.2327,0.23927936,0.067951956,10,0.013469624,22770.41567,0.412785758,4.322797388,0.028548004,-0.44530186,0.19834399,0.11227153,-0.27088305,0.073046429,4
270,0.3462,0.2772,0.0856,0.1338,0.2032,0.2202,0.2275,0.2392,0.2384,0.2475,0.2580719,0.048468827,15,0.013180272,9629.982143,0.795241475,4.337237955,0.006390497,-0.4425,0.18439957,0.07971015,-0.2810317,0.056074766,4
90,0.3602,0.2865,0.0916,0.1374,0.1994,0.2358,0.2482,0.2582,0.249,0.2645,0.24327926,0.070518663,8,0.013038549,6500.468254,0.684511958,4.345489707,0.004887898,-0.44774917,0.18253446,0.11061554,-0.28881988,0.078447921,4
90,0.3802,0.3175,0.1186,0.173,0.2402,0.2727,0.2749,0.2889,0.2668,0.2884,0.23364487,0.036568585,8,0.013347584,11790.72917,0.626751486,4.328298556,0.016324618,-0.3745481,0.1752705,0.05246546,-0.21327876,0.039622625,4
201.89433,0.3829,0.3165,0.0886,0.1388,0.1964,0.2269,0.2386,0.2488,0.2396,0.2486,0.2766942,0.061591105,14,0.013327901,7013.281746,0.406982422,4.331049141,0.03484886,-0.46789345,0.2302008,0.09908257,-0.2663848,0.069230771,4
296.4576,0.3956,0.3391,0.0604,0.11,0.1858,0.2235,0.236,0.2364,0.2154,0.2344,0.35650957,0.039420406,12,0.013064138,8741.137897,0.83874781,4.344802061,0.022046084,-0.5648734,0.29492635,0.07377865,-0.323909,0.049267634,4
103.97311,0.3664,0.3043,0.0718,0.125,0.1972,0.2206,0.2276,0.2313,0.2148,0.22,0.3258057,0.023662275,11,0.01335349,6446.03869,0.761706194,4.330361495,0.02601634,-0.4912495,0.26083964,0.042718448,-0.2642731,0.028947368,4
63.54237,0.4116,0.346,0.1042,0.1602,0.225,0.2582,0.2716,0.2842,0.2722,0.288,0.25686082,0.06410604,9,0.014184146,4792.882937,0.510245883,4.283601566,0.031380746,-0.4396642,0.20386079,0.09493161,-0.2590194,0.070998789,4
314.86557,0.365,0.3016,0.0939,0.141,0.2048,0.2402,0.2531,0.2607,0.2292,0.2577,0.27629074,0.034782625,10,0.012896825,8220.948413,0.602819395,4.353741459,0.008557218,-0.44268775,0.22854258,0.056221224,-0.2382496,0.039186313,4
90,0.3815,0.3072,0.0944,0.138,0.205,0.2289,0.2438,0.2579,0.244,0.263,0.26824522,0.055209521,13,0.013373173,9696.963294,0.533527813,4.32761091,0.021804691,-0.46871993,0.21982414,0.086859696,-0.27748692,0.061643843,4
0,0.3927,0.3108,0.0902,0.1456,0.2166,0.2448,0.2391,0.2501,0.2264,0.2343,0.31612483,0.013246826,6,0.013160588,11323.93254,0.497728865,4.339988539,0.02250393,-0.4590377,0.26861572,0.0221219,-0.21720429,0.01558855,4
78.74165,0.3658,0.2983,0.0968,0.1538,0.1976,0.2253,0.2269,0.2382,0.2068,0.2197,0.29965398,0.013802196,3,0.01310941,28018.85417,0.674116284,4.341363831,0.01021869,-0.40800616,0.27768075,0.022749731,-0.14697728,0.015258721,4
143.00099,0.3595,0.2992,0.1124,0.163,0.2194,0.2733,0.2731,0.2827,0.2598,0.2839,0.21732731,0.05827369,7,0.01487788,16946.19807,0.756897987,4.21417006,0.00388121,-0.37607655,0.16098823,0.08430715,-0.22894983,0.06188723,4
146.18578,0.324,0.2584,0.0828,0.1322,0.1828,0.2132,0.2387,0.2512,0.241,0.2629,0.22032265,0.084750703,6,0.013180272,18621.57044,0.806547472,4.337237955,0.016656108,-0.42042962,0.14690267,0.13732894,-0.29153267,0.094500978,4
206.67273,0.3509,0.2797,0.0857,0.1368,0.1902,0.2377,0.2494,0.2608,0.2464,0.2549,0.23934951,0.080522677,10,0.013038549,9473.084325,0.628011957,4.345489707,0.004141339,-0.43899935,0.17495395,0.12872194,-0.2860125,0.090006402,4
90,0.3883,0.3245,0.0814,0.1378,0.204,0.2324,0.2333,0.2441,0.2318,0.2383,0.30822748,0.037663265,8,0.013205861,7492.308532,0.696617662,4.336550309,0.020222398,-0.47614524,0.25237864,0.063790746,-0.25432903,0.044560817,4
296.45764,0.3843,0.311,0.0894,0.1478,0.2084,0.2494,0.2615,0.2694,0.2482,0.2623,0.2742126,0.0544281,7,0.013327901,4871.947421,0.474831927,4.331049141,0.013866909,-0.4444653,0.21517786,0.08716602,-0.25353536,0.062408535,4
225.13441,0.3501,0.2688,0.0835,0.128,0.1678,0.2307,0.2441,0.2576,0.238,0.2622,0.23397665,0.108430403,10,0.013321995,4722.381944,0.452318601,4.328986202,0.030625003,-0.46454716,0.19061385,0.17299165,-0.30054644,0.116250846,4
180,0.3226,0.2567,0.0758,0.1272,0.1834,0.2128,0.2419,0.2543,0.2586,0.276,0.2041885,0.104998591,26,0.012896825,31882.39583,0.571745621,4.353741459,0.004294697,-0.43441528,0.11011702,0.17013572,-0.34059095,0.119745209,4
134.86534,0.342,0.2976,0.1238,0.1822,0.2458,0.2672,0.2549,0.2609,0.2558,0.2673,0.21521604,0.013872711,12,0.012896825,18507.82143,0.400932012,4.353741459,0.002749188,-0.30484548,0.14419538,0.019936215,-0.16803655,0.014976046,4
225.13466,0.338,0.2951,0.121,0.171,0.238,0.2623,0.2518,0.2545,0.2452,0.2563,0.22267036,0.01019424,12,0.012993276,28495.41766,0.252261161,4.348927937,0.009785995,-0.3280943,0.1591221,0.014900637,-0.17827965,0.010984522,4
198.5159,0.3296,0.2839,0.1138,0.1692,0.2342,0.2603,0.2427,0.2457,0.2386,0.2486,0.23073566,0.006144222,9,0.012896825,26505.56647,0.61024216,4.353741459,0.005915728,-0.32157177,0.16015488,0.00930626,-0.17018145,0.006784539,4
333.32712,0.3252,0.2938,0.137,0.1886,0.2324,0.2537,0.2499,0.2594,0.247,0.2622,0.18436705,0.022616013,6,0.01323145,30585.5873,0.315790988,4.335862663,0.014929534,-0.2658622,0.13666551,0.030454723,-0.13406794,0.02236062,4
63.542465,0.2912,0.2599,0.108,0.1452,0.186,0.2224,0.2154,0.2246,0.2018,0.2343,0.21270649,0.026197107,4,0.013160588,19753.07242,0.330494423,4.339988539,0.012384234,-0.33455548,0.18133876,0.040742647,-0.1631124,0.0266952,4
148.91737,0.3072,0.2694,0.122,0.1664,0.205,0.2356,0.227,0.2325,0.2164,0.2403,0.20432638,0.018610421,6,0.013497899,31304.68078,0.221839555,4.308014054,0.003443747,-0.29729733,0.17341486,0.02705268,-0.1306165,0.018558714,4
146.18561,0.3,0.28,0.1194,0.1688,0.2072,0.2462,0.2344,0.2403,0.2232,0.2452,0.19369265,0.025463091,4,0.015017361,20504.82517,0.557813751,4.201639971,0.003643954,-0.2798635,0.14678903,0.037174694,-0.13877551,0.025795337,4
251.64572,0.2994,0.2782,0.0826,0.1356,0.1876,0.2228,0.2161,0.2286,0.221,0.2445,0.23197572,0.048346938,14,0.013038549,9638.784722,0.483370612,4.345489707,0.022573918,-0.37655172,0.15065335,0.08174253,-0.23948401,0.055139774,4
216.99928,0.3046,0.2858,0.0994,0.148,0.2062,0.2275,0.2187,0.235,0.2348,0.2467,0.20899409,0.041413252,9,0.013327901,6930.769841,0.329450837,4.331049141,0.029929362,-0.34600088,0.12940305,0.06485259,-0.22675024,0.045589786,4
180,0.2966,0.271,0.0914,0.1472,0.204,0.2203,0.2171,0.2272,0.2188,0.2321,0.23482983,0.021055024,7,0.012967687,10136.72024,0.336614005,4.349615583,0.011707502,-0.33663812,0.15095076,0.035004724,-0.19562839,0.024057213,4
134.86432,0.3312,0.2772,0.0646,0.1186,0.1686,0.2018,0.2027,0.2228,0.2098,0.2282,0.29113925,0.059301072,12,0.012896825,15828.21131,0.589068986,4.353741459,0.013373434,-0.4726545,0.22439925,0.10887952,-0.2777101,0.070355212,4
90,0.3264,0.2664,0.0706,0.1086,0.1416,0.1665,0.1906,0.2038,0.195,0.2184,0.27589968,0.08811299,13,0.013495213,13934.27679,0.571560229,4.322109742,0.015478039,-0.5006897,0.25201383,0.15864527,-0.28458497,0.095744673,4
45.135586,0.3398,0.275,0.065,0.0969,0.1712,0.1986,0.2069,0.2137,0.2026,0.2163,0.31261238,0.045055378,17,0.013373173,5656.768849,0.462678719,4.32761091,0.013539717,-0.5562171,0.25294983,0.08400212,-0.35292155,0.053902486,4
45.13556,0.3327,0.2983,0.0796,0.1194,0.1786,0.1977,0.2073,0.2178,0.2012,0.2189,0.29099864,0.033715233,14,0.013180272,25042.65278,0.573350768,4.337237955,0.005329011,-0.47179827,0.24630085,0.05950499,-0.25514656,0.038531476,4
180,0.3788,0.2859,0.0596,0.106,0.1782,0.2068,0.2143,0.2198,0.204,0.2105,0.3575433,0.035319227,11,0.013038549,7796.080357,0.693096233,4.345489707,0.015368352,-0.5627063,0.29993138,0.0675039,-0.31612903,0.043867586,4
180,0.3652,0.3042,0.0548,0.1084,0.1992,0.2199,0.2442,0.2591,0.231,0.2606,0.32768762,0.03945018,11,0.012896825,10828.16964,0.716243926,4.353741459,0.009354468,-0.5422297,0.22509226,0.07391911,-0.3612257,0.051279297,4
56.43481,0.31235,0.24255,0.09305,0.147,0.1874,0.2286,0.2454,0.2597,0.2504,0.2684,0.18536526,0.093921925,8,0.013038549,10776.48016,0.536210026,4.345489707,0.004672268,-0.35996518,0.1100844,0.14390135,-0.26019126,0.100767767,4
225.1354,0.3282,0.2666,0.09485,0.154,0.2044,0.2256,0.2414,0.2521,0.2531,0.2609,0.20969848,0.068858261,10,0.01310941,23421.60714,0.641206182,4.341363831,0.010222006,-0.36126092,0.12919319,0.1064481,-0.24342915,0.076292435,4
206.67352,0.3738,0.3249,0.1034,0.161,0.2299,0.2583,0.26985,0.2897,0.2827,0.2902,0.2198424,0.069967135,7,0.013064138,51619.03671,0.489335306,4.344802061,0.018402084,-0.39790577,0.1387662,0.10300429,-0.27428442,0.078214497,4
146.18484,0.29095,0.2423,0.09125,0.1339,0.171,0.21245,0.2318,0.24975,0.2066,0.24855,0.21597789,0.057485171,4,0.012896825,50879.58929,0.709402144,4.353741459,0.006456952,-0.36965987,0.1695307,0.09427964,-0.21350953,0.060847752,4
90,0.3277,0.3037,0.09135,0.1472,0.2076,0.22775,0.2349,0.24405,0.2275,0.2499,0.2534098,0.027824786,6,0.01323145,17767.92659,0.673014455,4.335862663,0.034434336,-0.38007998,0.18047547,0.045736633,-0.21430477,0.031921734,4
225.13531,0.3271,0.30175,0.1662,0.213,0.2558,0.2606,0.2706,0.2927,0.2948,0.3074,0.11677364,0.061588027,4,0.013064138,161390.1885,0.688968537,4.344802061,0.013291217,-0.21125719,0.051937602,0.07083183,-0.16108707,0.055682472,4
270,0.2921,0.26255,0.1776,0.2277,0.27,0.25925,0.2539,0.2639,0.2908,0.26575,0.09092675,0.032936397,2,0.012896825,164247.8472,0.798070309,4.353741459,3.44E-04,-0.123893835,0.00223024,0.037089862,-0.121697225,0.029411756,4
134.8647,0.3353,0.30885,0.1425,0.1586,0.2537,0.28475,0.2821,0.29715,0.2876,0.3106,0.15592188,0.048677556,6,0.012967687,110936.5972,0.444789974,4.349615583,0.006462516,-0.35776472,0.076577276,0.06262705,-0.28910804,0.048833222,4
143.00014,0.34115,0.32895,0.171,0.2072,0.2501,0.29595,0.28695,0.29565,0.2848,0.2995,0.12936343,0.057721753,6,0.012967687,79807.8244,0.481069506,4.349615583,0.01319026,-0.24427825,0.09002315,0.06487195,-0.15772355,0.050294724,4
161.48375,0.203,0.1628,0.1345,0.181,0.1874,0.2132,0.20015,0.2077,0.18,0.19065,0.10767483,-0.01427853,2,0.012896825,94286.39881,0.4137148,4.353741459,0.004950654,-0.057291668,0.060052186,-0.02014151,0.002770047,-0.012796849,4
225.13545,0.3903,0.367,0.11,0.1478,0.2078,0.2423,0.2528,0.2601,0.2482,0.2911,0.25086272,0.060479039,6,0.012967687,16866.13591,0.668663811,4.349615583,0.010406047,-0.45065975,0.22255287,0.088596486,-0.25353536,0.063389119,4
194.10011,0.3608,0.3241,0.1054,0.1548,0.2064,0.2426,0.2512,0.2663,0.2534,0.28,0.225054,0.069064819,10,0.01310941,13386.87698,0.698548526,4.341363831,0.011888387,-0.39953452,0.17486161,0.10221834,-0.24154827,0.073452788,4
38.79201,0.411,0.3918,0.0882,0.145,0.211,0.2556,0.2606,0.281,0.272,0.2961,0.26654446,0.081268346,7,0.013038549,36705.36409,0.701454818,4.345489707,0.002753513,-0.47841728,0.2035139,0.12629403,-0.3045564,0.093082429,4
161.48366,0.2997,0.2849,0.0412,0.0929,0.139,0.1684,0.1733,0.1852,0.167,0.1879,0.35631472,0.041371155,8,0.013089727,16373.38988,0.424985476,4.344114415,0.002800937,-0.5267448,0.28433684,0.09150326,-0.28510964,0.052109176,4
0,0.3172,0.2869,0.0813,0.1262,0.178,0.2037,0.216,0.2259,0.22,0.2314,0.24344006,0.062565164,11,0.013134999,10298.07937,0.539410468,4.340676185,0.017674224,-0.4307623,0.18093821,0.105527624,-0.27094162,0.070155895,4
180,0.3618,0.2977,0.0571,0.0874,0.168,0.197,0.218,0.2204,0.1914,0.2131,0.36142874,0.0330294,11,0.012896825,11115.95635,0.551674307,4.353741459,0.0050218,-0.61086375,0.308026,0.06510854,-0.3730273,0.040842463,4
116.45641,0.397,0.3701,0.0615,0.1244,0.1918,0.2323,0.2458,0.2592,0.2402,0.2674,0.32240316,0.062702423,24,0.013495213,19228.54365,0.21026928,4.322109742,0.036382416,-0.5228232,0.24607661,0.11203704,-0.31760836,0.077896996,4
0,0.3801,0.3443,0.1055,0.1616,0.2004,0.2284,0.2262,0.2368,0.2374,0.23825,0.25730994,0.056109916,10,0.012896825,9354.737103,0.623504767,4.353741459,0.015503607,-0.40335983,0.23109314,0.08451348,-0.18997495,0.059181063,4
194.10022,0.4002,0.369,0.0746,0.1257,0.1959,0.22135,0.2299,0.2491,0.2463,0.26705,0.30010906,0.067661913,17,0.012896825,11632.63988,0.207510311,4.353741459,0.009429347,-0.52196234,0.23805106,0.113975585,-0.32419357,0.080237748,4
116.456726,0.3393,0.2843,0.0966,0.1526,0.2216,0.2185,0.2383,0.247,0.2518,0.2623,0.23369625,0.04065917,10,0.013038549,21254.71528,0.540949499,4.345489707,0.009247637,-0.37954867,0.1480291,0.063793845,-0.24530166,0.046537916,4
123.565025,0.3743,0.3185,0.0888,0.15,0.2374,0.272,0.2781,0.2897,0.2834,0.2889,0.24341905,0.056322857,16,0.013251134,36105.95337,0.510109248,4.333112079,0.00988584,-0.4278085,0.13820891,0.088325664,-0.30779877,0.06759405,4
296.44644,0.4298,0.3621,0.0454,0.0866,0.17,0.2011,0.2217,0.2406,0.2376,0.2524,0.35885817,0.088153979,42,0.01310941,9799.286706,0.265360952,4.341363831,0.013467942,-0.6646011,0.28798324,0.16584887,-0.46576187,0.111723221,4
243.55353,0.4191,0.3453,0.0438,0.0922,0.1634,0.2005,0.225,0.2475,0.2358,0.2656,0.35135135,0.095883887,42,0.013945972,7466.924603,0.447113827,4.29666684,0.051301497,-0.63935065,0.27989006,0.18136273,-0.43780485,0.120774028,4
142.9873,0.4134,0.3354,0.0638,0.113,0.1772,0.2241,0.2446,0.2724,0.2688,0.2995,0.27946275,0.12355002,39,0.013134999,11179.96429,0.594491051,4.340676185,0.012856051,-0.5706687,0.21196131,0.20538114,-0.40806705,0.145243107,4
153.31601,0.5195,0.4328,0.0912,0.1424,0.1972,0.2855,0.3065,0.3371,0.3156,0.3676,0.27583444,0.163103383,34,0.013064138,29645.86706,0.320672139,4.344802061,0.015730038,-0.56972355,0.24416238,0.23088925,-0.37816596,0.17535546,4
0,0.5219,0.4157,0.1316,0.1974,0.2664,0.3298,0.345,0.3756,0.376,0.4067,0.21660623,0.137868545,32,0.013038549,45181.1994,0.743755026,4.345489707,0.013116109,-0.45113304,0.16249026,0.17061017,-0.3114754,0.143907534,4
156.69357,0.5203,0.436,0.1188,0.1678,0.248,0.2927,0.311,0.3451,0.3392,0.3717,0.25303757,0.117756424,38,0.013514897,13546.90377,0.456394864,4.319359158,0.040982462,-0.51228017,0.21070388,0.15531334,-0.33806705,0.125827808,4
0,0.5621,0.5019,0.1708,0.2464,0.3204,0.3479,0.3537,0.3783,0.3956,0.4062,0.2181655,0.092292577,36,0.013463719,30274.10913,0.561485849,4.32073445,0.01297353,-0.3904762,0.17385402,0.10502792,-0.23239875,0.092763148,4
270,0.494,0.4072,0.0843,0.147,0.2122,0.2654,0.2858,0.3163,0.3132,0.3368,0.27969557,0.129212183,39,0.013089727,12572.85714,0.675506133,4.344114415,0.002763679,-0.54134166,0.22398414,0.19223449,-0.3611473,0.147747215,4
225.14836,0.5117,0.4394,0.1064,0.1638,0.2328,0.2813,0.2942,0.3198,0.316,0.3447,0.27603048,0.108627539,30,0.013160588,15526.29762,0.651656062,4.339988539,0.00807748,-0.5150259,0.23643827,0.1516035,-0.31721553,0.118993144,4
63.55341,0.4891,0.4001,0.0897,0.1482,0.2074,0.2504,0.2727,0.3046,0.301,0.3428,0.281273,0.124956621,32,0.012896825,20803.2381,0.68771356,4.353741459,0.002283811,-0.5349129,0.23807114,0.18410702,-0.34016028,0.139230472,4
0,0.4229,0.3401,0.0819,0.1376,0.1998,0.2442,0.2782,0.3043,0.3,0.3236,0.23969737,0.132922995,32,0.014595537,10448.4127,0.356587599,4.263659831,0.078950979,-0.5090098,0.17000966,0.20048021,-0.37111518,0.150330083,4
206.68362,0.5387,0.4446,0.1238,0.1892,0.2454,0.2839,0.3065,0.33,0.3416,0.3672,0.255062,0.127552381,30,0.013180272,28186.69246,0.464211827,4.337237955,0.01471352,-0.48014838,0.22390093,0.16388416,-0.2871138,0.132750696,4
306.72803,0.5303,0.4066,0.1224,0.1804,0.249,0.3005,0.3127,0.3359,0.3368,0.3725,0.2584578,0.114753256,25,0.013302312,15809.43552,0.544771191,4.331736787,0.020171042,-0.49233153,0.22315766,0.14988053,-0.30239755,0.12129307,4
270,0.4504,0.3489,0.0738,0.1322,0.159,0.2501,0.2742,0.3013,0.2896,0.3333,0.25287828,0.193183865,23,0.013327901,30406.72222,0.568201838,4.331049141,0.037149077,-0.5461723,0.21729727,0.29112798,-0.37316266,0.206514894,4
243.55296,0.547,0.4472,0.1388,0.2062,0.2884,0.3432,0.3515,0.3674,0.3648,0.3905,0.24779685,0.09298025,24,0.013514897,14873.00397,0.372524047,4.319359158,0.002648713,-0.45246944,0.19982451,0.116962664,-0.27775833,0.099375666,4
333.31668,0.3845,0.285,0.109,0.1634,0.2098,0.2622,0.3068,0.3342,0.3436,0.3614,0.13535199,0.187405451,26,0.01323145,35517.38294,0.362016955,4.335862663,0.013004645,-0.4035408,0.056173593,0.24177809,-0.35542408,0.190525914,4
206.68358,0.5237,0.4477,0.1302,0.1902,0.2588,0.287,0.299,0.3225,0.3412,0.3615,0.24810591,0.107431544,16,0.014132968,17750.72917,0.566820144,4.290114038,0.027208243,-0.46715227,0.21100706,0.13733332,-0.28415504,0.112363629,4
288.34644,0.4394,0.3569,0.1298,0.1818,0.2322,0.3156,0.33,0.3513,0.342,0.3862,0.17474197,0.155815427,23,0.01377866,14185.04266,0.551350593,4.305606238,0.032633957,-0.41468126,0.12464804,0.1912226,-0.30584195,0.153323418,4
21.9035,0.5146,0.4435,0.1244,0.1722,0.2354,0.2672,0.2925,0.3109,0.324,0.3484,0.25166887,0.122823544,23,0.012993276,61107.46528,0.780134853,4.348927937,0.007781189,-0.49854398,0.22728355,0.15838397,-0.30592504,0.125448359,4
45.147556,0.5574,0.4714,0.1278,0.1908,0.2684,0.3018,0.3205,0.3474,0.3672,0.394,0.25045428,0.122331697,28,0.013134999,19548.37698,0.472156411,4.340676185,0.020590493,-0.48997593,0.20571059,0.15544364,-0.31612903,0.130503664,4
0,0.5602,0.4792,0.1346,0.194,0.2566,0.3373,0.3647,0.3888,0.3528,0.4096,0.2525686,0.127728531,20,0.013444035,25484.63393,0.0537087,4.323485034,0.019173441,-0.48554757,0.22716317,0.15786022,-0.290417,0.130070334,4
180,0.4917,0.3818,0.0752,0.1336,0.1944,0.2344,0.2569,0.2794,0.2806,0.3117,0.31701696,0.114445052,22,0.013038549,6276.571429,0.443003184,4.345489707,0.002869208,-0.5726851,0.27333936,0.18147372,-0.35490105,0.132615405,4
116.44765,0.4874,0.3956,0.0841,0.145,0.1966,0.2425,0.2604,0.2873,0.284,0.3155,0.3002566,0.119213251,24,0.01310941,15226.09524,0.249979575,4.341363831,0.011654887,-0.54142946,0.2636764,0.18185602,-0.32400936,0.133693662,4
270,0.5003,0.4093,0.0832,0.13,0.1934,0.2536,0.2795,0.3093,0.2812,0.3426,0.31121823,0.120763641,22,0.013038549,41792.66369,0.389038372,4.345489707,0.002380978,-0.587498,0.28035828,0.18499789,-0.36770427,0.135132358,4
225.14676,0.4151,0.3392,0.035,0.0792,0.144,0.1993,0.2408,0.2687,0.2744,0.298,0.2875072,0.173783257,39,0.013134999,7680.174603,0.296370379,4.340676185,0.024869128,-0.67954683,0.20406093,0.31166348,-0.55203617,0.2129791,4
180,0.4242,0.3335,0.0453,0.0952,0.177,0.2056,0.2505,0.2684,0.2854,0.2981,0.2902672,0.134983689,32,0.013038549,17778.74405,0.60204676,4.345489707,0.003845515,-0.63342315,0.19560315,0.23442906,-0.49973726,0.168952621,4
180,0.3906,0.2816,0.042,0.0836,0.1396,0.1811,0.2244,0.2511,0.2642,0.2849,0.26781443,0.174334019,37,0.013089727,14607.74306,0.645164701,4.344114415,0.001687973,-0.64740616,0.19303603,0.30856863,-0.5192639,0.206793553,4
71.653076,0.4133,0.3427,0.0461,0.0997,0.1464,0.2051,0.2318,0.2582,0.2674,0.296,0.28195146,0.168050875,37,0.013160588,5384.139881,0.263622131,4.339988539,0.010982117,-0.6113061,0.2143382,0.29241177,-0.45682377,0.198621129,4
0,0.3963,0.3289,0.0548,0.1066,0.1548,0.1972,0.2329,0.2589,0.269,0.2933,0.25980112,0.159782848,35,0.01335349,14564.73016,0.646301463,4.330361495,0.028985264,-0.57605886,0.19134225,0.26946673,-0.43237486,0.185429742,4
33.825546,0.3834,0.3065,0.0424,0.0827,0.1378,0.1854,0.2222,0.2481,0.2462,0.2791,0.28723142,0.154415961,36,0.013327901,11820.83532,0.615546056,4.331049141,0.022365565,-0.6451405,0.21791613,0.28229168,-0.4971116,0.183936658,4
90,0.4199,0.3543,0.0502,0.0998,0.178,0.2108,0.2505,0.2741,0.274,0.3007,0.2968225,0.122106316,39,0.013134999,27309.55853,0.650503742,4.340676185,0.022518208,-0.6159323,0.21026087,0.21238935,-0.4660246,0.151260483,4
0,0.4132,0.3381,0.0534,0.0946,0.1596,0.1951,0.2149,0.2473,0.2438,0.2796,0.3167816,0.116885992,34,0.013038549,20001.14286,0.265933584,4.345489707,0.006366755,-0.6274124,0.25783867,0.20872581,-0.44089836,0.139805171,4
270,0.4155,0.3207,0.0418,0.083,0.1524,0.1857,0.2112,0.2422,0.2476,0.2752,0.3248571,0.128753045,33,0.01323145,14813.54266,0.488833092,4.335862663,0.007628974,-0.667001,0.2532046,0.238,-0.49788266,0.158666669,4
45.14641,0.4879,0.4194,0.0812,0.1516,0.2182,0.2483,0.2787,0.2961,0.3084,0.3253,0.28885642,0.112267261,23,0.012896825,19932.54563,0.337166397,4.353741459,0.005357465,-0.52587956,0.22541754,0.17128752,-0.34086958,0.131794282,4
206.68239,0.5037,0.4229,0.0934,0.1458,0.2128,0.267,0.2826,0.3004,0.2976,0.3322,0.2939052,0.113133047,17,0.013327901,22279.7252,0.680975693,4.331049141,0.008864545,-0.5510393,0.25720707,0.1661442,-0.34235457,0.125890744,4
153.31747,0.4716,0.4038,0.0932,0.1468,0.1956,0.2323,0.2511,0.2743,0.2852,0.3076,0.27620506,0.127287185,20,0.013134999,17715.12401,0.539041599,4.340676185,0.016590046,-0.5252264,0.2463002,0.18635607,-0.32037038,0.13703099,4
283.96747,0.407,0.3549,0.0616,0.1168,0.1956,0.2523,0.2784,0.2993,0.2986,0.3196,0.2517657,0.128096688,33,0.013251134,28636.04365,0.459487655,4.333112079,0.009360467,-0.5540283,0.15362814,0.20841762,-0.43765044,0.155401307,4
314.85367,0.4351,0.3497,0.0491,0.097,0.177,0.2139,0.2449,0.2638,0.2598,0.2861,0.3292074,0.105960926,35,0.013276723,5098.974206,0.418814811,4.332424433,0.010298733,-0.63540685,0.25226653,0.18956041,-0.456278,0.132578972,4
0,0.4457,0.324,0.0628,0.113,0.176,0.2056,0.2243,0.2307,0.2136,0.2189,0.38447836,0.052262865,23,0.0140936,16279.86607,0.300931685,4.290478026,0.043053508,-0.5954895,0.35204005,0.09650923,-0.30802205,0.063399274,4
71.65307,0.4603,0.35,0.0674,0.1262,0.2018,0.2241,0.2428,0.2541,0.2476,0.2463,0.35523486,0.058630754,21,0.013038549,10445.5248,0.345391414,4.345489707,0.006356257,-0.5696505,0.30046615,0.10191366,-0.3247726,0.072361492,4
90,0.4502,0.2899,0.109,0.1668,0.2536,0.2924,0.2969,0.3107,0.277,0.2971,0.29161313,0.02952906,29,0.012896825,59079.58135,0.701220828,4.353741459,0.001162176,-0.45931926,0.2381738,0.044101033,-0.24831004,0.034057843,4
161.47644,0.4499,0.3451,0.0571,0.109,0.1538,0.2026,0.2443,0.275,0.2584,0.3091,0.3135335,0.149177102,25,0.012967687,27763.77877,0.722966033,4.349615583,0.00816835,-0.6099481,0.2703657,0.2537603,-0.40664127,0.172001752,4
90,0.4688,0.3796,0.0722,0.126,0.172,0.2071,0.2571,0.2825,0.2872,0.3174,0.28134373,0.162007082,21,0.013064138,25428.14087,0.547699706,4.344802061,0.023586853,-0.57632816,0.24021164,0.25087106,-0.39012584,0.18015012,4
314.85208,0.4878,0.4086,0.0856,0.1288,0.1942,0.2347,0.2631,0.2881,0.2802,0.3275,0.30177513,0.119219271,29,0.013302312,13844.46825,0.69518161,4.331736787,0.024420046,-0.5822251,0.2703125,0.18128164,-0.37017113,0.132389179,4
123.55375,0.2774,0.2136,0.11,0.1418,0.1736,0.2026,0.2074,0.2249,0.206,0.2271,0.17601041,0.056937995,25,0.01310941,26830.12004,0.51090475,4.341363831,0.011914925,-0.32347324,0.14770374,0.085352995,-0.18458883,0.055252382,4
293.0918,0.3273,0.2713,0.0966,0.1354,0.1626,0.2272,0.2829,0.3049,0.302,0.3386,0.102757476,0.224389924,24,0.01323145,104038.619,0.497477821,4.335862663,0.012692132,-0.4147396,0.04020344,0.30004305,-0.38088706,0.216773781,4
270,0.4754,0.4028,0.0983,0.1552,0.2202,0.2558,0.278,0.3058,0.3116,0.3394,0.2584351,0.120545485,34,0.013688114,8736.958333,0.362890469,4.312482698,0.0368697,-0.50777036,0.20813215,0.17186911,-0.33504713,0.132874584,4
180,0.5013,0.4312,0.0906,0.1414,0.1914,0.2569,0.2927,0.3258,0.3176,0.3562,0.2584249,0.176602297,34,0.013038549,49180.7619,0.23221599,4.345489707,0.012471419,-0.55998135,0.22432527,0.24793713,-0.38387802,0.187611501,4
243.55287,0.3658,0.2709,0.1038,0.1598,0.2232,0.2602,0.2751,0.2925,0.2998,0.3022,0.18678217,0.102929342,32,0.012967687,58408.63591,0.741877748,4.349615583,0.008158003,-0.39193305,0.09915863,0.14646274,-0.30461273,0.112316738,4
0,0.5028,0.4102,0.0982,0.1668,0.2336,0.2685,0.2928,0.3191,0.3252,0.3512,0.26987413,0.115058013,29,0.013205861,11671.28571,0.55359406,4.336550309,0.016685451,-0.5017921,0.21449275,0.16392267,-0.32195118,0.129769531,4
116.4472,0.4804,0.4177,0.1046,0.1522,0.2118,0.292,0.321,0.348,0.3232,0.3636,0.23607144,0.153909913,31,0.013205861,31348.27976,0.375122902,4.336550309,0.013971609,-0.5188113,0.19561973,0.2082243,-0.35969707,0.161449269,4
204.55525,0.5055,0.4442,0.1204,0.1944,0.2666,0.2749,0.324,0.344,0.3652,0.3881,0.22779678,0.119555722,30,0.013160588,67297.70238,0.534405739,4.339988539,0.023417024,-0.4444921,0.16113472,0.15606204,-0.30521804,0.130676795,4
270,0.4877,0.4027,0.068,0.1164,0.1826,0.2614,0.2957,0.3198,0.3188,0.3492,0.26818654,0.178796465,28,0.013495213,24539.5496,0.575728977,4.322109742,0.021149932,-0.6146333,0.20942342,0.2716394,-0.46507353,0.204014372,4
108.34696,0.4823,0.3957,0.0844,0.1358,0.2004,0.2533,0.2747,0.3035,0.301,0.3308,0.27834472,0.134463223,20,0.013134999,17923.39881,0.580823885,4.340676185,0.022221741,-0.5605889,0.23145667,0.20063822,-0.37820512,0.150689043,4
283.96725,0.4706,0.3894,0.0888,0.1498,0.212,0.2424,0.268,0.292,0.305,0.3237,0.26830176,0.121664062,11,0.013514897,22696.12004,0.638834769,4.319359158,0.026447238,-0.51708573,0.21351212,0.17988396,-0.3412489,0.137168155,4
90,0.48,0.4064,0.0756,0.1422,0.2026,0.2503,0.2841,0.3092,0.305,0.3409,0.28404814,0.131040135,6,0.013321995,6793.350198,0.745862459,4.328986202,0.018444459,-0.54291224,0.22292991,0.20173365,-0.36404297,0.152441451,4
206.68289,0.467,0.3854,0.0877,0.1458,0.2004,0.2363,0.2624,0.2872,0.302,0.3236,0.26269984,0.13754636,1,0.013302312,16500.06548,0.598413667,4.331736787,0.04214978,-0.52415144,0.2145644,0.20222929,-0.34881642,0.152035106,4
45.147034,0.4318,0.3524,0.1164,0.1632,0.2232,0.2742,0.3022,0.3178,0.3252,0.3433,0.1946015,0.142346771,2,0.013186177,29803.37599,0.533606109,4.339300893,0.008972639,-0.45142856,0.14081904,0.18599562,-0.33169532,0.145936665,4
53.271126,0.4192,0.3355,0.1066,0.1574,0.2146,0.2627,0.2827,0.3028,0.3,0.3308,0.21837753,0.119400503,11,0.01377866,15840.16369,0.537765776,4.305606238,0.00875821,-0.45404094,0.1657397,0.16595417,-0.31176215,0.126256674,4
63.554928,0.539,0.4538,0.1564,0.1972,0.2608,0.303,0.3265,0.3523,0.358,0.3832,0.21716632,0.138873017,35,0.01323145,32181.02877,0.473323574,4.335862663,0.027770404,-0.464276,0.20178369,0.15707822,-0.28962538,0.130318205,4
108.34497,0.5787,0.4545,0.1938,0.2622,0.332,0.369,0.3831,0.4066,0.4028,0.4341,0.20838585,0.091176029,27,0.012896825,52899.58929,0.474146507,4.353741459,4.80E-04,-0.37638247,0.1792155,0.09635276,-0.21142857,0.08600584,4
0,0.5553,0.4534,0.1732,0.2236,0.2938,0.3278,0.3438,0.3836,0.396,0.413,0.19734894,0.137380365,33,0.013038549,52473.27579,0.798132596,4.345489707,0.012308968,-0.42585698,0.16745506,0.1481589,-0.27824402,0.128845187,4
345.8929,0.5205,0.4386,0.1438,0.1918,0.2568,0.3079,0.3233,0.3504,0.3328,0.3829,0.23981178,0.105843696,36,0.014022739,37959.16567,0.252553592,4.294603902,0.030570735,-0.4614629,0.21996953,0.12890096,-0.2687762,0.104625558,4
314.84982,0.5274,0.4465,0.0986,0.1466,0.1976,0.2669,0.298,0.3189,0.3022,0.3469,0.28797302,0.149573844,31,0.013566075,73029.37103,0.459537718,4.317983866,0.025799371,-0.5649852,0.27145615,0.20928368,-0.34670234,0.156931361,4
296.44516,0.4718,0.4178,0.0997,0.145,0.2012,0.2626,0.2843,0.3023,0.3076,0.3549,0.2459502,0.150533374,35,0.013160588,38670.2629,0.519416765,4.339988539,0.007290517,-0.5298314,0.2106749,0.2091195,-0.3592576,0.158207771,4
314.84958,0.3866,0.3251,0.0959,0.137,0.17,0.2447,0.243,0.2651,0.2862,0.2975,0.1858954,0.183055523,30,0.013205861,22703.31647,0.569686012,4.336550309,0.014014779,-0.47669977,0.14922711,0.25471282,-0.352552,0.18228402,4
0,0.4286,0.375,0.0921,0.1124,0.174,0.2167,0.2297,0.262,0.2508,0.3021,0.27466947,0.119697048,33,0.013321995,12823.25992,0.551901958,4.328986202,0.015635975,-0.5844732,0.2617015,0.180791,-0.3810573,0.124567503,4
270,0.4518,0.3666,0.1098,0.1538,0.2018,0.2346,0.2507,0.2667,0.261,0.2887,0.276064,0.089789486,35,0.014955751,7143.22123,0.549668886,4.245093389,0.062204906,-0.49207398,0.26767674,0.12791704,-0.25843784,0.092230998,4
283.96564,0.3959,0.313,0.0749,0.1128,0.1496,0.2032,0.231,0.259,0.2732,0.2969,0.2209042,0.192038791,41,0.013064138,11642.63492,0.315054305,4.344802061,0.019482457,-0.5565166,0.18338066,0.29233682,-0.41554403,0.200910282,4
270,0.5027,0.4034,0.104,0.1414,0.1804,0.2364,0.2593,0.2849,0.2956,0.324,0.26184538,0.180225281,36,0.013160588,16839.09821,0.55232799,4.339988539,0.027595854,-0.56093776,0.25942627,0.2420168,-0.35286042,0.177049178,4
333.31424,0.4869,0.385,0.116,0.157,0.1974,0.2473,0.2734,0.2962,0.292,0.3334,0.2529525,0.147223589,35,0.014062106,11422.80258,0.679691863,4.297354486,0.037057297,-0.5123466,0.25022468,0.1932979,-0.30066812,0.143420243,4
45.15077,0.4121,0.368,0.1266,0.1676,0.228,0.2624,0.2769,0.3143,0.3268,0.346,0.17073618,0.14152293,35,0.013642841,7186.820437,0.612632279,4.315920928,0.03008837,-0.42176986,0.11544187,0.17808217,-0.32200643,0.140500554,4
352.8377,0.4809,0.391,0.116,0.1416,0.2006,0.229,0.2509,0.2801,0.2998,0.3227,0.24213979,0.151830551,45,0.013134999,15332.16468,0.673704885,4.340676185,0.020653054,-0.5450602,0.23197128,0.19824143,-0.35840508,0.148740518,4
198.5257,0.4976,0.4239,0.1242,0.161,0.2162,0.249,0.2566,0.2809,0.2902,0.3281,0.26537848,0.111721727,44,0.013373173,8864.803571,0.507934178,4.32761091,0.022862927,-0.51108414,0.26326478,0.14612955,-0.2863475,0.11029412,4
161.47418,0.4483,0.3507,0.073,0.12,0.1558,0.2203,0.2491,0.2749,0.269,0.3148,0.27703205,0.170862757,40,0.012896825,84846.625,0.482350555,4.353741459,0.001509432,-0.57768786,0.24996516,0.26647833,-0.38303342,0.183607258,4
333.31372,0.479,0.3639,0.1506,0.2116,0.274,0.284,0.297,0.3224,0.3456,0.3811,0.20557155,0.096231416,37,0.013064138,84035.89484,0.378938068,4.344802061,0.013263207,-0.38719952,0.1617754,0.11555846,-0.24048816,0.095927144,4
11.368271,0.5599,0.49,0.1866,0.2362,0.3144,0.3458,0.3624,0.3838,0.3996,0.425,0.1972612,0.112907521,37,0.013276723,45734.87798,0.413912726,4.332424433,0.020791348,-0.40660718,0.16706617,0.11932775,-0.25699905,0.105271844,4
153.31291,0.5248,0.4454,0.118,0.1544,0.2182,0.2684,0.2784,0.3078,0.3124,0.3481,0.2664053,0.135609834,38,0.013424351,16088.84821,0.787071735,4.326235618,0.029135095,-0.54534745,0.2537028,0.1775349,-0.33847472,0.13710462,4
322.98383,0.4953,0.4079,0.119,0.1698,0.2438,0.2576,0.279,0.3084,0.3312,0.3487,0.24291599,0.114909289,39,0.012896825,40935.18948,0.485393339,4.353741459,9.86E-04,-0.4894001,0.19854808,0.15200001,-0.32215568,0.121953494,4
236.4503,0.4912,0.387,0.0956,0.1272,0.1744,0.2056,0.2244,0.2558,0.2662,0.2969,0.29569787,0.143833047,38,0.012896825,55627.78571,0.401616427,4.353741459,0.002582556,-0.5886158,0.29706892,0.20835225,-0.35332993,0.146395923,4
333.31244,0.4619,0.3461,0.0717,0.1164,0.1606,0.2005,0.2267,0.2558,0.2608,0.293,0.30366492,0.148519246,35,0.013636936,8578.920635,0.52915126,4.31385799,0.035774993,-0.5974408,0.27826205,0.23777883,-0.38282079,0.163121331,4
270,0.5188,0.4154,0.0915,0.1484,0.1982,0.2477,0.281,0.3062,0.3212,0.3453,0.26936355,0.168571675,38,0.012967687,89085.25794,0.329344805,4.349615583,0.006286086,-0.55515593,0.23523809,0.23681171,-0.3679728,0.18098883,4
45.15197,0.4939,0.3923,0.1492,0.1936,0.2502,0.2827,0.3002,0.3227,0.3452,0.3617,0.20161486,0.13748987,43,0.013038549,79745.47619,0.679462206,4.345489707,4.59E-04,-0.4368,0.17721368,0.1595566,-0.281366,0.130089463,4
167.40663,0.4611,0.3631,0.0632,0.1146,0.1686,0.2099,0.2263,0.2489,0.2608,0.2886,0.32054105,0.1281695,27,0.012993276,41292.79762,0.61154267,4.348927937,0.00937541,-0.60187596,0.27746224,0.21471824,-0.38945124,0.148805699,4
11.368553,0.4548,0.3683,0.0682,0.1068,0.1656,0.2156,0.2267,0.2505,0.2576,0.2912,0.31135067,0.132206712,26,0.013945972,12620.09226,0.466880485,4.29666684,0.024684976,-0.6196581,0.27681077,0.21739131,-0.41383097,0.14948008,4
270,0.4933,0.3869,0.0965,0.1284,0.1816,0.2281,0.247,0.274,0.278,0.3219,0.28625882,0.146607039,29,0.013642841,17060.34623,0.74989028,4.315920928,0.029354989,-0.58693904,0.2791391,0.20974758,-0.36811024,0.150687775,4
116.44376,0.4798,0.383,0.073,0.1172,0.1594,0.2076,0.2397,0.264,0.2654,0.3035,0.30769232,0.158275086,32,0.012967687,66803.26984,0.712834586,4.349615583,0.007295117,-0.6073702,0.28770798,0.24952917,-0.3873497,0.171929053,4
348.63104,0.44,0.348,0.068,0.11,0.1572,0.1946,0.2096,0.2393,0.2492,0.2717,0.3062117,0.136709479,36,0.013662525,10756.53472,0.599845201,4.313170344,0.014977716,-0.6,0.2768427,0.22637798,-0.38752785,0.152250675,4
261.9127,0.4363,0.3526,0.0712,0.1148,0.1534,0.1953,0.2168,0.2456,0.2584,0.2849,0.2829327,0.159593852,23,0.013424351,8929.070437,0.555975193,4.326235618,0.004778685,-0.58337873,0.2560818,0.25497812,-0.38478026,0.172735232,4
236.451,0.4627,0.3765,0.074,0.1212,0.1772,0.2183,0.2403,0.2723,0.2744,0.3158,0.29495093,0.136317725,26,0.013540486,6140.930556,0.644506801,4.318671512,0.04121869,-0.58486044,0.25546062,0.2152347,-0.38725984,0.153215623,4
225.15388,0.4581,0.3709,0.0921,0.1324,0.1792,0.2136,0.2384,0.2612,0.273,0.291,0.27154827,0.141482414,41,0.013160588,29102.81448,0.686981234,4.339988539,0.010115663,-0.5515664,0.25318012,0.20743036,-0.34681794,0.147763089,4
90,0.4024,0.3408,0.0797,0.1184,0.1598,0.2038,0.2368,0.256,0.2708,0.2977,0.23194915,0.170052402,39,0.013784565,5056.072421,0.607698432,4.307669176,0.044794538,-0.5453149,0.19548425,0.25777987,-0.39157245,0.178916833,4
198.52689,0.3984,0.2976,0.0694,0.1021,0.15,0.184,0.22,0.2509,0.257,0.2894,0.25377232,0.163458585,35,0.01377866,6040.12004,0.665729944,4.305606238,0.024845777,-0.592008,0.21574612,0.26289925,-0.43135616,0.176956989,4
349.64133,0.4056,0.3006,0.0497,0.1086,0.1394,0.187,0.2099,0.2403,0.2494,0.2833,0.2913162,0.160532379,23,0.013398762,7513.326389,0.613444371,4.326923264,0.019501328,-0.5775963,0.23847328,0.2829218,-0.3932961,0.185643561,4
120.82989,0.5307,0.4403,0.0903,0.1406,0.2116,0.2816,0.3013,0.3308,0.3184,0.3676,0.28983495,0.139735691,35,0.013302312,19040.97222,0.531506033,4.331736787,0.00740764,-0.5811113,0.25002947,0.20150942,-0.38736385,0.155533966,4
298.4832,0.5209,0.4482,0.1146,0.157,0.2122,0.2554,0.2725,0.2967,0.3076,0.3502,0.2691076,0.138558055,26,0.013444035,12183.25298,0.154012904,4.323485034,0.008028398,-0.53680485,0.25745326,0.18353212,-0.3241498,0.140321619,4
333.31354,0.3389,0.2491,0.0952,0.1378,0.1852,0.227,0.2633,0.2773,0.2954,0.3027,0.1459495,0.162767321,30,0.012896825,45949.00099,0.377097717,4.353741459,0.001125256,-0.42185864,0.06857955,0.22929668,-0.36380425,0.168570245,4
45.158726,0.3906,0.2855,0.0662,0.1114,0.1484,0.2001,0.2403,0.2697,0.2718,0.3039,0.2291904,0.185207452,9,0.013566075,5027.328373,0.41977476,4.317983866,0.004092581,-0.5561753,0.1793478,0.29366973,-0.41858038,0.201151951,4
0,0.4216,0.3267,0.0701,0.112,0.1534,0.1973,0.2415,0.2664,0.2724,0.3058,0.25340602,0.178458936,6,0.013347584,6387.890873,0.248474212,4.328298556,0.035484764,-0.5802099,0.21498562,0.2794739,-0.41727364,0.192806203,4
14.111094,0.4198,0.3246,0.0718,0.115,0.1532,0.1975,0.2337,0.26,0.275,0.2992,0.24592303,0.183910137,8,0.01387511,5159.664683,0.040518157,4.300792716,0.029934684,-0.5699327,0.2084053,0.28444654,-0.41025642,0.196832587,4
56.456215,0.4127,0.3168,0.0684,0.1092,0.151,0.1904,0.2322,0.2561,0.2674,0.2925,0.25336298,0.175258986,11,0.013965656,1431.554563,0.527345182,4.293916256,0.064118035,-0.581529,0.21364506,0.27820268,-0.42007434,0.190113248,4
198.53032,0.418,0.3084,0.0735,0.1072,0.1518,0.1933,0.2347,0.2628,0.2676,0.3048,0.25107038,0.177918432,12,0.013276723,1575.109127,0.552371734,4.332424433,0.020796028,-0.5917746,0.2193699,0.2761087,-0.4279616,0.188927549,4
90,0.4111,0.3055,0.0728,0.1108,0.1494,0.1952,0.237,0.2637,0.2684,0.304,0.24320725,0.183778138,8,0.013302312,1724.06746,0.58518447,4.331736787,0.031575609,-0.5753976,0.21000734,0.28482533,-0.41561183,0.194486843,4
225.15854,0.4175,0.3114,0.0758,0.1124,0.1522,0.2011,0.2418,0.2695,0.2766,0.3153,0.23565772,0.191821387,12,0.013251134,3752.509921,0.420702604,4.333112079,0.034588655,-0.575769,0.20299667,0.29011196,-0.42210796,0.2009044,4
134.84145,0.4079,0.2971,0.0744,0.1088,0.15,0.1929,0.2307,0.2617,0.2728,0.3061,0.23279198,0.190116408,9,0.013520802,2197.001984,0.255152336,4.321422096,0.014709359,-0.5788659,0.19847217,0.29044464,-0.4297694,0.19960987,4
108.34001,0.4263,0.3103,0.0678,0.1096,0.1462,0.1948,0.2292,0.2588,0.2634,0.2968,0.2670134,0.179523295,16,0.013327901,7775.401786,0.372558285,4.331049141,0.029062028,-0.59096843,0.23618966,0.28613278,-0.41233242,0.193271749,4
0,0.3886,0.2877,0.0622,0.0998,0.1362,0.1954,0.2364,0.2603,0.2554,0.2923,0.2459639,0.18554263,12,0.013424351,9611.53373,0.422021614,4.326235618,0.034944061,-0.5913186,0.20683229,0.30439225,-0.43806309,0.200538369,4
0,0.4005,0.3079,0.0728,0.1112,0.1584,0.2021,0.2303,0.2597,0.2662,0.3025,0.24490477,0.161319299,11,0.013636936,5679.027778,0.493679703,4.31385799,0.036529609,-0.5653703,0.20143992,0.253886,-0.41070485,0.174886448,4
270,0.4073,0.3117,0.0764,0.112,0.1574,0.2088,0.2405,0.2672,0.2862,0.3054,0.21794459,0.194256742,9,0.013444035,6938.287698,0.591115035,4.323485034,0.018282074,-0.56865007,0.17462151,0.29035166,-0.4374686,0.204747762,4
9.513851,0.4162,0.3053,0.0742,0.1198,0.161,0.2064,0.241,0.2693,0.2894,0.3059,0.22704081,0.188945805,12,0.013321995,8450.568452,0.547742518,4.328986202,0.026846663,-0.5529851,0.17970522,0.28507996,-0.41446728,0.202651533,4
148.89629,0.4308,0.3302,0.0684,0.1192,0.1622,0.21,0.2435,0.2747,0.2824,0.3119,0.25662214,0.172443486,11,0.013134999,10916.13591,0.749991443,4.340676185,0.022104398,-0.5665454,0.20807624,0.27035537,-0.4063745,0.190874454,4
195.33571,0.4472,0.352,0.1018,0.1412,0.1804,0.2392,0.2682,0.2925,0.291,0.3318,0.23010583,0.171749814,9,0.013186177,27461.74107,0.619677415,4.339300893,0.008567984,-0.52005434,0.21159576,0.2346203,-0.3465988,0.170784448,4
18.530159,0.4554,0.365,0.0978,0.1438,0.192,0.231,0.2554,0.2848,0.301,0.327,0.23762186,0.158476298,-2,0.013373173,9153.058532,0.704481758,4.32761091,0.022788112,-0.5200267,0.2041248,0.22109532,-0.35341725,0.164652564,4
291.69244,0.4056,0.2741,0.079,0.1236,0.1656,0.211,0.2421,0.2741,0.2864,0.3107,0.21973096,0.178962949,3,0.013160588,6984.627976,0.48984364,4.339988539,0.025979656,-0.5328798,0.17225437,0.26725662,-0.39707315,0.190336118,4
328.8964,0.4345,0.3236,0.096,0.1416,0.187,0.2296,0.2549,0.2874,0.3056,0.3284,0.21493502,0.173635482,4,0.013186177,16933.13889,0.633798237,4.339300893,0.008598973,-0.5084187,0.17416568,0.24076326,-0.36672628,0.179226247,4
326.16336,0.4107,0.3235,0.0719,0.1218,0.17,0.215,0.2485,0.2781,0.2858,0.3119,0.23763852,0.163878758,9,0.014255008,14866.625,0.659749973,4.284612869,0.047870374,-0.5425352,0.17932518,0.2540588,-0.40235528,0.181732591,4
243.56168,0.4127,0.3308,0.0806,0.134,0.1782,0.2192,0.2588,0.2796,0.2852,0.3121,0.23528796,0.152865866,14,0.013495213,4837.097222,0.630098189,4.322109742,0.037917717,-0.50978595,0.18269093,0.23090202,-0.36068702,0.166597456,4
341.46964,0.4566,0.378,0.1154,0.1566,0.204,0.2578,0.2782,0.3026,0.3144,0.3431,0.21166547,0.164982955,13,0.013134999,9254.021825,0.585337885,4.340676185,0.022750902,-0.4892368,0.18443583,0.21296296,-0.33503184,0.162608002,4
314.84128,0.4048,0.3059,0.0698,0.1092,0.1538,0.199,0.2416,0.2679,0.2758,0.3072,0.23556736,0.182078674,9,0.013205861,6186.363095,0.355292276,4.336550309,0.028355848,-0.57509726,0.18953866,0.2839851,-0.43272725,0.196858857,4
90,0.3781,0.281,0.0708,0.1114,0.1592,0.2033,0.2316,0.2595,0.2754,0.2942,0.2162988,0.170922591,11,0.012896825,5109.141865,0.598762126,4.353741459,0.006870246,-0.5448417,0.15715377,0.2673723,-0.42399174,0.186496919,4
153.30782,0.388,0.2839,0.082,0.1198,0.1612,0.1916,0.2366,0.2629,0.27,0.3045,0.21881935,0.167673543,14,0.013321995,3236.291667,0.406722626,4.328986202,0.01757791,-0.5281607,0.1793313,0.25231913,-0.38532582,0.175257744,4
270,0.3969,0.2858,0.0848,0.144,0.1762,0.2427,0.2957,0.3301,0.3352,0.3527,0.15416372,0.226315198,9,0.013302312,16919.41964,0.588378401,4.331736787,0.010652432,-0.4675541,0.084278084,0.31091124,-0.39899835,0.235811757,4
236.45667,0.4353,0.3358,0.1042,0.164,0.2414,0.273,0.295,0.3182,0.326,0.3339,0.22269401,0.10612675,8,0.012967687,22333.59722,0.559275747,4.349615583,0.010811469,-0.4526948,0.1435702,0.14910117,-0.33061224,0.118887016,4
206.69254,0.4181,0.3167,0.0696,0.1152,0.1536,0.2321,0.2692,0.293,0.275,0.3213,0.24784459,0.181237304,5,0.013327901,24189.96925,0.389471232,4.331049141,0.022237328,-0.567973,0.20646371,0.28324777,-0.4095336,0.196101653,4
0,0.3937,0.3284,0.0964,0.1494,0.2008,0.2345,0.2666,0.2911,0.2928,0.3095,0.20870183,0.129606681,5,0.012967687,24838.43651,0.63168194,4.349615583,0.010000697,-0.44982508,0.14697741,0.18638575,-0.32428768,0.138888899,4
125.38812,0.4078,0.3107,0.0863,0.1284,0.1776,0.209,0.2401,0.2665,0.285,0.3086,0.22379011,0.157630554,7,0.012993276,12068.19444,0.596953576,4.348927937,0.011480099,-0.52107424,0.17725173,0.23216602,-0.37880987,0.167359237,4
148.89644,0.4237,0.3297,0.0906,0.1392,0.1846,0.2197,0.2482,0.271,0.295,0.3147,0.22406682,0.160176416,11,0.013160588,10695.49405,0.408608017,4.339988539,0.012094541,-0.50541836,0.17907335,0.23019181,-0.3588208,0.169048581,4
68.30758,0.3922,0.2868,0.0594,0.1138,0.1412,0.2042,0.2394,0.2643,0.2634,0.2987,0.24597058,0.183472435,8,0.013205861,18414.55357,0.556329537,4.336550309,0.021998611,-0.55019766,0.19646128,0.30202666,-0.39660656,0.202630969,4
134.84169,0.3994,0.266,0.0876,0.125,0.1758,0.204,0.2366,0.2644,0.285,0.3017,0.21375817,0.162229621,12,0.013038549,13937.47817,0.662577818,4.345489707,0.005600091,-0.5232647,0.16715372,0.23697917,-0.3902439,0.170482933,4
101.2492,0.3964,0.2508,0.0702,0.1178,0.1592,0.1961,0.2212,0.257,0.2732,0.2981,0.23604004,0.167459912,6,0.012967687,8385.936508,0.328772139,4.349615583,0.014419624,-0.54181254,0.18399043,0.26364478,-0.39744246,0.183397695,4
345.8891,0.3903,0.277,0.0633,0.1052,0.1372,0.2023,0.2335,0.2629,0.2686,0.3025,0.22760068,0.203147692,6,0.012967687,13534.30754,0.623765307,4.349615583,0.013624687,-0.5753784,0.1847018,0.32380483,-0.43713215,0.217597689,4
71.65977,0.3776,0.2695,0.0789,0.115,0.1478,0.195,0.2357,0.2641,0.2652,0.302,0.20851067,0.188110869,10,0.012967687,11699.1379,0.456368899,4.349615583,0.009694268,-0.53308976,0.17486003,0.2842615,-0.3950552,0.1928806,4
31.103527,0.3724,0.261,0.082,0.1252,0.1526,0.2009,0.2332,0.2641,0.2696,0.2982,0.1978097,0.186281998,3,0.012967687,16458.02976,0.451473922,4.349615583,0.012148353,-0.49678454,0.16012459,0.27711985,-0.3657548,0.190305786,4
103.96193,0.376,0.283,0.062,0.1052,0.1504,0.1828,0.2317,0.2549,0.2664,0.2879,0.23163311,0.170207787,9,0.013180272,8618.157738,0.483780142,4.337237955,0.01989666,-0.56275976,0.17061017,0.27831095,-0.4337998,0.189790593,4
180,0.3855,0.2943,0.062,0.103,0.1354,0.1931,0.2343,0.2611,0.2626,0.2979,0.23217031,0.19751554,5,0.013398762,6579.730159,0.669783816,4.326923264,0.015889241,-0.57830095,0.18963124,0.31959802,-0.4365427,0.212472172,4
128.50548,0.4083,0.3077,0.0802,0.1138,0.149,0.205,0.2464,0.2716,0.272,0.3049,0.22550851,0.196548432,8,0.012896825,13859.80655,0.788546347,4.353741459,0.002592269,-0.5640682,0.20035277,0.29216152,-0.41005707,0.200325746,4
333.30814,0.4397,0.3383,0.093,0.1324,0.1764,0.2203,0.2535,0.2784,0.3002,0.3313,0.22084616,0.186322286,9,0.013495213,5825.763889,0.402818369,4.322109742,0.029360077,-0.5371438,0.18853903,0.25975657,-0.38788715,0.190149469,4
66.915764,0.4278,0.3329,0.0838,0.1274,0.1752,0.2139,0.2526,0.2882,0.2952,0.3355,0.22810592,0.174631806,13,0.013392857,6516.802579,0.35076662,4.329997506,0.01572154,-0.5410663,0.18340251,0.25510204,-0.3970658,0.185490505,4
194.11086,0.3795,0.2719,0.0647,0.1024,0.1296,0.1793,0.2403,0.267,0.2764,0.3132,0.19760057,0.233944215,15,0.013753071,7734.139881,0.7038933,4.306293884,0.01423852,-0.57501554,0.1571886,0.36157635,-0.4593453,0.243046351,4
198.53004,0.4255,0.3287,0.0844,0.1198,0.1656,0.2106,0.2449,0.2754,0.288,0.3218,0.22698498,0.185612012,8,0.013038549,7697.550595,0.506557688,4.345489707,0.004102397,-0.56060886,0.19271201,0.26984125,-0.41245708,0.192533537,4
63.56124,0.3914,0.2981,0.0725,0.1062,0.146,0.1972,0.2332,0.2595,0.2652,0.2954,0.22820252,0.186547297,8,0.013398762,6700.581349,0.345000505,4.326923264,0.023858978,-0.5731511,0.19220228,0.28988326,-0.42810982,0.196224747,4
327.85217,0.4104,0.297,0.0821,0.1208,0.1484,0.1965,0.2419,0.265,0.2868,0.3088,0.2046998,0.221588915,11,0.013089727,9320.055556,0.72617602,4.344114415,0.004788415,-0.54518074,0.17728056,0.3180147,-0.407262,0.22198461,4
170.48622,0.4316,0.3353,0.0844,0.1292,0.1798,0.2206,0.2469,0.2782,0.2868,0.3256,0.2444535,0.15439223,11,0.013514897,8119.186508,0.457079968,4.319359158,0.01998011,-0.5392297,0.20155904,0.22931845,-0.37884617,0.166045924,4
90,0.4185,0.3166,0.0702,0.1166,0.1552,0.2069,0.2372,0.2646,0.2778,0.3148,0.24487361,0.182169375,9,0.01323145,10077.74603,0.463706321,4.335862663,0.014921052,-0.5641936,0.20206809,0.28314087,-0.4087221,0.197106092,4
103.96189,0.3839,0.2758,0.07,0.1074,0.1466,0.194,0.2249,0.2542,0.2602,0.2963,0.23271754,0.17587318,5,0.013205861,4800.290675,0.525805234,4.336550309,0.020654371,-0.5627926,0.19205092,0.2792527,-0.4156692,0.187913546,4
243.56145,0.3814,0.2683,0.068,0.1088,0.1418,0.1925,0.2333,0.2661,0.2652,0.2988,0.22185895,0.192092139,5,0.013327901,3746.352183,0.659237986,4.331049141,0.010832649,-0.55609953,0.17970926,0.30319408,-0.4181818,0.204079365,4
291.69254,0.4032,0.301,0.0712,0.118,0.1414,0.2045,0.2533,0.2796,0.288,0.3316,0.2051339,0.228719415,8,0.013965656,3550.333333,0.267053875,4.293916256,0.054729195,-0.5471988,0.16666669,0.3414066,-0.4187192,0.236604254,4
90,0.4737,0.3439,0.0892,0.1416,0.212,0.2931,0.3116,0.3335,0.295,0.3332,0.28180206,0.109325592,65,0.012896825,17312.4504,0.566931847,4.353741459,0.004499185,-0.5397367,0.23247041,0.16370808,-0.35135135,0.123634544,4
71.65258,0.4162,0.2972,0.07,0.1252,0.2006,0.2591,0.2691,0.2802,0.2674,0.2697,0.29281074,0.085817059,67,0.013186177,16213.41766,0.620502558,4.339300893,0.008893601,-0.5374954,0.21767117,0.14273503,-0.3622007,0.103512395,4
0,0.4183,0.3271,0.0836,0.1444,0.1976,0.2469,0.2693,0.2834,0.2658,0.2914,0.27607998,0.09345537,51,0.013134999,25714.9256,0.532106882,4.340676185,0.010501804,-0.48676026,0.22292063,0.14717305,-0.29595318,0.10618641,4
33.825336,0.4236,0.3189,0.0913,0.1548,0.2114,0.2611,0.2839,0.2963,0.2798,0.311,0.26229995,0.091765269,54,0.013134999,22045.31349,0.458979584,4.340676185,0.008676492,-0.4647303,0.20443559,0.1392508,-0.2876208,0.103510889,4
225.14636,0.4138,0.3286,0.0846,0.1712,0.238,0.2687,0.2881,0.3065,0.3112,0.3213,0.24436809,0.086948243,57,0.013089727,55379.47222,0.670254628,4.344114415,0.003308627,-0.41470084,0.14151725,0.13328476,-0.29021555,0.104651145,4
63.550655,0.4684,0.361,0.1018,0.159,0.2244,0.279,0.2947,0.3188,0.3088,0.3238,0.25575492,0.111539903,55,0.013566075,27098.56944,0.538813333,4.317983866,0.01539807,-0.49314633,0.20535253,0.1582896,-0.32022235,0.122531957,4
63.55069,0.5009,0.3714,0.0805,0.1488,0.2346,0.2977,0.3194,0.3358,0.3144,0.3306,0.30130926,0.094181514,59,0.014016834,13440.47421,0.383033515,4.300792716,0.026818242,-0.5419424,0.22875014,0.14535518,-0.35751292,0.11410867,4
33.82599,0.415,0.2827,0.0772,0.121,0.2004,0.2661,0.2833,0.2906,0.2712,0.2964,0.2770284,0.093423425,43,0.012967687,47125.88591,0.548174997,4.349615583,0.01253624,-0.54850745,0.20955989,0.15012725,-0.3829679,0.109304251,4
296.44757,0.3826,0.2831,0.0722,0.1278,0.196,0.2496,0.268,0.2743,0.2526,0.2833,0.28093866,0.074982804,46,0.013276723,30937.16667,0.668280187,4.332424433,0.013218862,-0.4992163,0.20465994,0.12617035,-0.32807574,0.089500346,4
45.147102,0.2774,0.1711,0.0786,0.1298,0.2348,0.2564,0.2497,0.2459,0.223,0.2192,0.25878593,-0.014444488,47,0.013180272,62428.6002,0.66650879,4.337237955,0.003230268,-0.3624754,0.10871299,-0.025775429,-0.26417232,-0.018479836,4
56.445652,0.3771,0.2833,0.087,0.1416,0.2132,0.2537,0.2735,0.2878,0.2634,0.2963,0.25502288,0.066398583,43,0.013418446,21475.55853,0.585027126,4.332424433,0.025208285,-0.45401967,0.17751758,0.10532939,-0.30074072,0.077104218,4
63.551865,0.3592,0.2656,0.0847,0.1384,0.1862,0.2187,0.2487,0.2608,0.2588,0.2654,0.22713464,0.104265417,57,0.013257039,22848.23214,0.323423004,4.335175017,0.014398776,-0.4437299,0.16245955,0.16314608,-0.30312183,0.115238107,4
322.9885,0.4449,0.3402,0.0901,0.1434,0.207,0.2457,0.2639,0.2818,0.2722,0.2861,0.2855453,0.088661625,58,0.013398762,18054.27877,0.478048042,4.326923264,0.020845889,-0.5124936,0.24083115,0.13606007,-0.30991337,0.099877431,4
225.14755,0.3921,0.2873,0.0666,0.1266,0.2156,0.2621,0.2821,0.2899,0.2796,0.2821,0.27413777,0.077156769,68,0.013747166,16775.6875,0.262076812,4.309368126,0.030406576,-0.51185656,0.1674855,0.1292407,-0.37666175,0.096463017,4
189.51028,0.3356,0.2368,0.0648,0.1366,0.2448,0.2702,0.2746,0.2876,0.2422,0.2679,0.30809104,-0.002921348,63,0.01335349,42665.21429,0.680938841,4.330361495,0.009761327,-0.42143157,0.1616476,-0.005338808,-0.27877507,-0.003951367,4
116.447174,0.4492,0.323,0.0708,0.1288,0.2426,0.2745,0.2986,0.3116,0.3016,0.3023,0.30013153,0.066256419,60,0.013829837,47221.39782,0.674565569,4.304230946,0.030715107,-0.5543252,0.19659029,0.10841605,-0.401487,0.0847539,4
0,0.3066,0.2263,0.086,0.1352,0.2032,0.2247,0.233,0.2448,0.2264,0.2361,0.24008757,0.032211493,54,0.013064138,16371.46429,0.474262121,4.344802061,0.019532092,-0.38795838,0.15046905,0.054003738,-0.2522124,0.037435465,4
0,0.3528,0.2599,0.0664,0.0984,0.1632,0.251,0.2762,0.2765,0.2604,0.2714,0.22448982,0.139526856,64,0.012896825,92794.27579,0.720934016,4.353741459,2.02E-04,-0.56382984,0.15068495,0.22946173,-0.45150504,0.157860531,4
251.65231,0.4313,0.324,0.0882,0.1358,0.2024,0.2421,0.2559,0.2683,0.2526,0.2636,0.30056438,0.069509853,70,0.013302312,11772.32837,0.604391745,4.331736787,0.0227049,-0.52107215,0.2612955,0.1103297,-0.30072093,0.07884819,4
225.14574,0.4961,0.3521,0.0744,0.1362,0.2364,0.2865,0.3067,0.3171,0.2868,0.2946,0.33948982,0.058681079,71,0.013064138,35087.61111,0.6528154,4.344802061,0.019683523,-0.5691919,0.26733938,0.096330285,-0.35602838,0.073885855,4
68.301216,0.4842,0.3338,0.0888,0.144,0.2372,0.2718,0.2922,0.3055,0.2832,0.2808,0.3195537,0.056361483,36,0.013205861,11721.14286,0.671935486,4.336550309,0.015434269,-0.5415473,0.26192337,0.088393524,-0.3258427,0.067620524,4
90,0.4507,0.3209,0.0894,0.1346,0.2312,0.2715,0.2811,0.2918,0.2696,0.2829,0.3102123,0.04833108,34,0.013180272,16134.85913,0.668058321,4.337237955,0.016098056,-0.54006493,0.25142303,0.07667734,-0.33399308,0.057553971,4
134.851,0.4366,0.3479,0.1088,0.164,0.2442,0.292,0.3229,0.328,0.2972,0.3257,0.2528524,0.068074378,36,0.013302312,14957.58333,0.273387417,4.331736787,0.011865085,-0.45387945,0.18997003,0.097894326,-0.28881177,0.076339526,4
161.47548,0.4453,0.3177,0.0978,0.15,0.2442,0.2963,0.3069,0.3158,0.306,0.3298,0.26131895,0.075820763,37,0.013373173,20264.42659,0.578866145,4.32761091,0.017758175,-0.4960524,0.18541197,0.11232277,-0.34210524,0.088268884,4
45.149143,0.4059,0.3165,0.0888,0.1502,0.2214,0.2586,0.2771,0.2929,0.2764,0.2812,0.2640806,0.070920167,38,0.013495213,20504.61012,0.308332613,4.322109742,0.02431144,-0.4598094,0.1897992,0.11048616,-0.29582748,0.082681912,4
161.47542,0.4222,0.3183,0.0808,0.1448,0.2178,0.244,0.259,0.2767,0.263,0.2694,0.30107746,0.057541506,34,0.013134999,10185.34028,0.55561634,4.340676185,0.027674573,-0.4892416,0.2323409,0.09400999,-0.28984797,0.06912725,4
78.74712,0.4321,0.2782,0.0713,0.1114,0.1926,0.2384,0.2634,0.2635,0.237,0.248,0.3391211,0.05974649,74,0.014164462,4990.616071,0.503252481,4.28635215,0.041655406,-0.5900644,0.2915857,0.10335197,-0.36050516,0.071643728,4
71.65406,0.4283,0.3039,0.0752,0.1186,0.2026,0.2403,0.2616,0.2653,0.2468,0.2489,0.32416832,0.058206914,78,0.013347584,4519.326389,0.548631228,4.328298556,0.017123417,-0.5662827,0.26884905,0.09835336,-0.35084838,0.069833584,4
